District,Year,Month,Rainfall_mm,Landslide_Count,Tourist_Count,Vulnerability_Score,Risk_Level,Season
Dehradun,2015,1,14.1,0,49733,0.5,Low Risk,Winter Peak Tourism
Dehradun,2015,2,27.3,1,37483,3.7,Low Risk,Winter Peak Tourism
Dehradun,2015,3,5.1,0,24635,0.2,Low Risk,Spring/Summer Peak
Dehradun,2015,4,4.6,0,39840,0.2,Low Risk,Spring/Summer Peak
Dehradun,2015,5,0.6,1,47299,2.8,Low Risk,Spring/Summer Peak
Dehradun,2015,6,273.6,3,45946,17.7,Low Risk,Monsoon Peak Hazard
Dehradun,2015,7,682.0,8,19062,45.5,Moderate Risk,Monsoon Peak Hazard
Dehradun,2015,8,55.8,2,56867,7.5,Low Risk,Monsoon Peak Hazard
Dehradun,2015,9,208.8,4,34316,18.3,Low Risk,Monsoon Peak Hazard
Dehradun,2015,10,59.0,0,45606,2.0,Low Risk,Winter Peak Tourism
Dehradun,2015,11,5.6,0,24452,0.2,Low Risk,Winter Peak Tourism
Dehradun,2015,12,0.5,1,56170,2.8,Low Risk,Winter Peak Tourism
Dehradun,2016,1,34.6,0,52759,1.2,Low Risk,Winter Peak Tourism
Dehradun,2016,2,53.7,0,58122,1.8,Low Risk,Winter Peak Tourism
Dehradun,2016,3,72.0,1,47060,5.2,Low Risk,Spring/Summer Peak
Dehradun,2016,4,16.6,1,37124,3.3,Low Risk,Spring/Summer Peak
Dehradun,2016,5,23.7,1,22029,3.6,Low Risk,Spring/Summer Peak
Dehradun,2016,6,97.4,3,30037,11.7,Low Risk,Monsoon Peak Hazard
Dehradun,2016,7,51.7,0,47025,1.8,Low Risk,Monsoon Peak Hazard
Dehradun,2016,8,267.0,3,34890,17.5,Low Risk,Monsoon Peak Hazard
Dehradun,2016,9,182.6,4,17113,17.4,Low Risk,Monsoon Peak Hazard
Dehradun,2016,10,10.4,0,30811,0.4,Low Risk,Winter Peak Tourism
Dehradun,2016,11,50.7,0,51770,1.7,Low Risk,Winter Peak Tourism
Dehradun,2016,12,27.9,1,50380,3.7,Low Risk,Winter Peak Tourism
Dehradun,2017,1,13.3,0,35370,0.5,Low Risk,Winter Peak Tourism
Dehradun,2017,2,13.9,1,43185,3.3,Low Risk,Winter Peak Tourism
Dehradun,2017,3,11.8,0,28668,0.4,Low Risk,Spring/Summer Peak
Dehradun,2017,4,24.7,0,50143,0.8,Low Risk,Spring/Summer Peak
Dehradun,2017,5,3.8,1,49486,2.9,Low Risk,Spring/Summer Peak
Dehradun,2017,6,421.4,6,57654,31.1,Low Risk,Monsoon Peak Hazard
Dehradun,2017,7,110.8,2,25654,9.3,Low Risk,Monsoon Peak Hazard
Dehradun,2017,8,199.5,2,35944,12.4,Low Risk,Monsoon Peak Hazard
Dehradun,2017,9,160.1,2,22042,11.0,Low Risk,Monsoon Peak Hazard
Dehradun,2017,10,2.4,0,51929,0.1,Low Risk,Winter Peak Tourism
Dehradun,2017,11,29.4,1,47140,3.8,Low Risk,Winter Peak Tourism
Dehradun,2017,12,30.1,1,28670,3.8,Low Risk,Winter Peak Tourism
Dehradun,2018,1,16.2,1,41903,3.3,Low Risk,Winter Peak Tourism
Dehradun,2018,2,23.3,1,40561,3.6,Low Risk,Winter Peak Tourism
Dehradun,2018,3,71.2,0,32824,2.4,Low Risk,Spring/Summer Peak
Dehradun,2018,4,7.8,1,35908,3.0,Low Risk,Spring/Summer Peak
Dehradun,2018,5,22.9,1,38787,3.6,Low Risk,Spring/Summer Peak
Dehradun,2018,6,181.0,4,33060,17.3,Low Risk,Monsoon Peak Hazard
Dehradun,2018,7,167.6,2,30920,11.3,Low Risk,Monsoon Peak Hazard
Dehradun,2018,8,247.0,5,32375,22.3,Low Risk,Monsoon Peak Hazard
Dehradun,2018,9,32.1,0,43129,1.1,Low Risk,Monsoon Peak Hazard
Dehradun,2018,10,9.3,1,37942,3.1,Low Risk,Winter Peak Tourism
Dehradun,2018,11,9.8,0,44549,0.3,Low Risk,Winter Peak Tourism
Dehradun,2018,12,30.2,1,43143,3.8,Low Risk,Winter Peak Tourism
Dehradun,2019,1,127.3,1,26947,7.1,Low Risk,Winter Peak Tourism
Dehradun,2019,2,26.9,0,35899,0.9,Low Risk,Winter Peak Tourism
Dehradun,2019,3,39.1,1,50777,4.1,Low Risk,Spring/Summer Peak
Dehradun,2019,4,19.1,1,49915,3.4,Low Risk,Spring/Summer Peak
Dehradun,2019,5,2.8,0,66762,0.1,Low Risk,Spring/Summer Peak
Dehradun,2019,6,255.5,5,20255,22.6,Low Risk,Monsoon Peak Hazard
Dehradun,2019,7,747.5,11,16361,56.1,Moderate Risk,Monsoon Peak Hazard
Dehradun,2019,8,159.9,1,47971,8.2,Low Risk,Monsoon Peak Hazard
Dehradun,2019,9,110.9,1,54955,6.6,Low Risk,Monsoon Peak Hazard
Dehradun,2019,10,33.8,0,39743,1.2,Low Risk,Winter Peak Tourism
Dehradun,2019,11,32.4,1,48943,3.9,Low Risk,Winter Peak Tourism
Dehradun,2019,12,120.8,1,22884,6.9,Low Risk,Winter Peak Tourism
Dehradun,2020,1,2.9,1,46699,2.9,Low Risk,Winter Peak Tourism
Dehradun,2020,2,24.5,1,29373,3.6,Low Risk,Winter Peak Tourism
Dehradun,2020,3,12.9,1,56262,3.2,Low Risk,Spring/Summer Peak
Dehradun,2020,4,56.3,1,44692,4.7,Low Risk,Spring/Summer Peak
Dehradun,2020,5,30.8,0,46923,1.1,Low Risk,Spring/Summer Peak
Dehradun,2020,6,454.5,5,40159,29.4,Low Risk,Monsoon Peak Hazard
Dehradun,2020,7,285.4,3,18561,18.1,Low Risk,Monsoon Peak Hazard
Dehradun,2020,8,420.9,5,14409,28.3,Low Risk,Monsoon Peak Hazard
Dehradun,2020,9,170.7,4,25339,16.9,Low Risk,Monsoon Peak Hazard
Dehradun,2020,10,32.2,0,49734,1.1,Low Risk,Winter Peak Tourism
Dehradun,2020,11,30.3,1,74093,3.8,Low Risk,Winter Peak Tourism
Dehradun,2020,12,8.4,1,44466,3.1,Low Risk,Winter Peak Tourism
Dehradun,2021,1,71.0,0,45585,2.4,Low Risk,Winter Peak Tourism
Dehradun,2021,2,47.5,1,56268,4.4,Low Risk,Winter Peak Tourism
Dehradun,2021,3,59.9,1,53725,4.8,Low Risk,Spring/Summer Peak
Dehradun,2021,4,38.5,0,57875,1.3,Low Risk,Spring/Summer Peak
Dehradun,2021,5,1.3,1,48900,2.8,Low Risk,Spring/Summer Peak
Dehradun,2021,6,209.2,2,41681,12.7,Low Risk,Monsoon Peak Hazard
Dehradun,2021,7,353.3,4,26606,23.2,Low Risk,Monsoon Peak Hazard
Dehradun,2021,8,210.2,2,29736,12.7,Low Risk,Monsoon Peak Hazard
Dehradun,2021,9,110.1,3,34363,12.1,Low Risk,Monsoon Peak Hazard
Dehradun,2021,10,55.8,0,33372,1.9,Low Risk,Winter Peak Tourism
Dehradun,2021,11,28.6,1,45105,3.8,Low Risk,Winter Peak Tourism
Dehradun,2021,12,13.3,0,54907,0.5,Low Risk,Winter Peak Tourism
Dehradun,2022,1,40.5,0,43488,1.4,Low Risk,Winter Peak Tourism
Dehradun,2022,2,4.4,1,31002,2.9,Low Risk,Winter Peak Tourism
Dehradun,2022,3,49.7,0,33135,1.7,Low Risk,Spring/Summer Peak
Dehradun,2022,4,8.9,1,44795,3.1,Low Risk,Spring/Summer Peak
Dehradun,2022,5,20.9,0,52674,0.7,Low Risk,Spring/Summer Peak
Dehradun,2022,6,157.1,3,35869,13.7,Low Risk,Monsoon Peak Hazard
Dehradun,2022,7,128.2,2,36220,9.9,Low Risk,Monsoon Peak Hazard
Dehradun,2022,8,111.6,2,34871,9.4,Low Risk,Monsoon Peak Hazard
Dehradun,2022,9,178.0,3,36901,14.4,Low Risk,Monsoon Peak Hazard
Dehradun,2022,10,10.8,0,45100,0.4,Low Risk,Winter Peak Tourism
Dehradun,2022,11,44.1,1,32018,4.3,Low Risk,Winter Peak Tourism
Dehradun,2022,12,100.8,0,63850,3.4,Low Risk,Winter Peak Tourism
Dehradun,2023,1,30.4,1,61912,3.8,Low Risk,Winter Peak Tourism
Dehradun,2023,2,4.3,1,24534,2.9,Low Risk,Winter Peak Tourism
Dehradun,2023,3,47.6,0,44486,1.6,Low Risk,Spring/Summer Peak
Dehradun,2023,4,17.0,1,36429,3.4,Low Risk,Spring/Summer Peak
Dehradun,2023,5,5.7,0,61327,0.2,Low Risk,Spring/Summer Peak
Dehradun,2023,6,54.0,0,38867,1.8,Low Risk,Monsoon Peak Hazard
Dehradun,2023,7,76.7,2,50343,8.2,Low Risk,Monsoon Peak Hazard
Dehradun,2023,8,126.4,3,57916,12.7,Low Risk,Monsoon Peak Hazard
Dehradun,2023,9,133.5,1,25525,7.3,Low Risk,Monsoon Peak Hazard
Dehradun,2023,10,12.6,1,48810,3.2,Low Risk,Winter Peak Tourism
Dehradun,2023,11,19.3,1,51782,3.4,Low Risk,Winter Peak Tourism
Dehradun,2023,12,43.2,0,29888,1.5,Low Risk,Winter Peak Tourism
Dehradun,2024,1,17.1,0,43095,0.6,Low Risk,Winter Peak Tourism
Dehradun,2024,2,1.5,1,40525,2.8,Low Risk,Winter Peak Tourism
Dehradun,2024,3,14.1,1,45603,3.3,Low Risk,Spring/Summer Peak
Dehradun,2024,4,81.3,1,44985,5.6,Low Risk,Spring/Summer Peak
Dehradun,2024,5,5.3,1,53830,3.0,Low Risk,Spring/Summer Peak
Dehradun,2024,6,322.7,5,38126,24.9,Low Risk,Monsoon Peak Hazard
Dehradun,2024,7,98.4,3,42121,11.7,Low Risk,Monsoon Peak Hazard
Dehradun,2024,8,221.7,3,39795,15.9,Low Risk,Monsoon Peak Hazard
Dehradun,2024,9,141.5,2,29242,10.4,Low Risk,Monsoon Peak Hazard
Dehradun,2024,10,0.6,0,29535,0.0,Low Risk,Winter Peak Tourism
Dehradun,2024,11,32.0,0,54569,1.1,Low Risk,Winter Peak Tourism
Dehradun,2024,12,55.9,1,29822,4.7,Low Risk,Winter Peak Tourism
Nainital,2015,1,20.6,1,35725,3.5,Low Risk,Winter Peak Tourism
Nainital,2015,2,35.8,0,47696,1.2,Low Risk,Winter Peak Tourism
Nainital,2015,3,23.8,0,43021,0.8,Low Risk,Spring/Summer Peak
Nainital,2015,4,41.7,1,59025,4.2,Low Risk,Spring/Summer Peak
Nainital,2015,5,4.1,0,50074,0.1,Low Risk,Spring/Summer Peak
Nainital,2015,6,141.5,1,49543,7.6,Low Risk,Monsoon Peak Hazard
Nainital,2015,7,429.2,7,12429,34.1,Low Risk,Monsoon Peak Hazard
Nainital,2015,8,597.6,9,15330,45.4,Moderate Risk,Monsoon Peak Hazard
Nainital,2015,9,333.9,6,27061,28.1,Low Risk,Monsoon Peak Hazard
Nainital,2015,10,20.4,1,26060,3.5,Low Risk,Winter Peak Tourism
Nainital,2015,11,12.0,0,39934,0.4,Low Risk,Winter Peak Tourism
Nainital,2015,12,7.2,0,50882,0.2,Low Risk,Winter Peak Tourism
Nainital,2016,1,2.9,1,51139,2.9,Low Risk,Winter Peak Tourism
Nainital,2016,2,109.8,1,18610,6.5,Low Risk,Winter Peak Tourism
Nainital,2016,3,65.6,0,59424,2.2,Low Risk,Spring/Summer Peak
Nainital,2016,4,36.7,0,47293,1.3,Low Risk,Spring/Summer Peak
Nainital,2016,5,28.9,0,37918,1.0,Low Risk,Spring/Summer Peak
Nainital,2016,6,203.2,2,46673,12.5,Low Risk,Monsoon Peak Hazard
Nainital,2016,7,374.7,4,34992,23.9,Low Risk,Monsoon Peak Hazard
Nainital,2016,8,346.6,5,13053,25.7,Low Risk,Monsoon Peak Hazard
Nainital,2016,9,135.1,2,36111,10.2,Low Risk,Monsoon Peak Hazard
Nainital,2016,10,36.6,1,40145,4.0,Low Risk,Winter Peak Tourism
Nainital,2016,11,19.0,1,44005,3.4,Low Risk,Winter Peak Tourism
Nainital,2016,12,40.5,1,46200,4.2,Low Risk,Winter Peak Tourism
Nainital,2017,1,41.1,0,34671,1.4,Low Risk,Winter Peak Tourism
Nainital,2017,2,8.1,0,30137,0.3,Low Risk,Winter Peak Tourism
Nainital,2017,3,60.9,1,33514,4.9,Low Risk,Spring/Summer Peak
Nainital,2017,4,17.2,1,46380,3.4,Low Risk,Spring/Summer Peak
Nainital,2017,5,2.3,0,45010,0.1,Low Risk,Spring/Summer Peak
Nainital,2017,6,169.3,2,38707,11.3,Low Risk,Monsoon Peak Hazard
Nainital,2017,7,175.3,3,54832,14.3,Low Risk,Monsoon Peak Hazard
Nainital,2017,8,644.2,9,5772,47.0,Moderate Risk,Monsoon Peak Hazard
Nainital,2017,9,959.0,12,1000,66.1,Moderate Risk,Monsoon Peak Hazard
Nainital,2017,10,14.7,1,36671,3.3,Low Risk,Winter Peak Tourism
Nainital,2017,11,109.9,1,41006,6.5,Low Risk,Winter Peak Tourism
Nainital,2017,12,18.1,0,24967,0.6,Low Risk,Winter Peak Tourism
Nainital,2018,1,50.4,1,46103,4.5,Low Risk,Winter Peak Tourism
Nainital,2018,2,9.5,0,31323,0.3,Low Risk,Winter Peak Tourism
Nainital,2018,3,81.0,1,59266,5.5,Low Risk,Spring/Summer Peak
Nainital,2018,4,24.1,0,43060,0.8,Low Risk,Spring/Summer Peak
Nainital,2018,5,49.9,1,39682,4.5,Low Risk,Spring/Summer Peak
Nainital,2018,6,148.7,1,51926,7.9,Low Risk,Monsoon Peak Hazard
Nainital,2018,7,228.5,2,45954,13.4,Low Risk,Monsoon Peak Hazard
Nainital,2018,8,322.4,6,47997,27.7,Low Risk,Monsoon Peak Hazard
Nainital,2018,9,673.6,9,14446,48.0,Moderate Risk,Monsoon Peak Hazard
Nainital,2018,10,14.2,0,33611,0.5,Low Risk,Winter Peak Tourism
Nainital,2018,11,92.4,0,38955,3.2,Low Risk,Winter Peak Tourism
Nainital,2018,12,7.0,0,55256,0.2,Low Risk,Winter Peak Tourism
Nainital,2019,1,13.3,1,59748,3.2,Low Risk,Winter Peak Tourism
Nainital,2019,2,0.7,1,60477,2.8,Low Risk,Winter Peak Tourism
Nainital,2019,3,22.0,1,45055,3.5,Low Risk,Spring/Summer Peak
Nainital,2019,4,50.8,1,52723,4.5,Low Risk,Spring/Summer Peak
Nainital,2019,5,15.5,1,45885,3.3,Low Risk,Spring/Summer Peak
Nainital,2019,6,143.4,3,33493,13.2,Low Risk,Monsoon Peak Hazard
Nainital,2019,7,189.4,3,51635,14.8,Low Risk,Monsoon Peak Hazard
Nainital,2019,8,586.8,9,12967,45.1,Moderate Risk,Monsoon Peak Hazard
Nainital,2019,9,416.3,7,40471,33.7,Low Risk,Monsoon Peak Hazard
Nainital,2019,10,59.5,0,28224,2.0,Low Risk,Winter Peak Tourism
Nainital,2019,11,47.8,1,42464,4.4,Low Risk,Winter Peak Tourism
Nainital,2019,12,9.0,1,52515,3.1,Low Risk,Winter Peak Tourism
Nainital,2020,1,1.4,1,24255,2.8,Low Risk,Winter Peak Tourism
Nainital,2020,2,30.1,1,42603,3.8,Low Risk,Winter Peak Tourism
Nainital,2020,3,12.5,0,33360,0.4,Low Risk,Spring/Summer Peak
Nainital,2020,4,12.7,0,49240,0.4,Low Risk,Spring/Summer Peak
Nainital,2020,5,62.2,0,32031,2.1,Low Risk,Spring/Summer Peak
Nainital,2020,6,360.9,6,21924,29.0,Low Risk,Monsoon Peak Hazard
Nainital,2020,7,512.0,7,5060,37.0,Low Risk,Monsoon Peak Hazard
Nainital,2020,8,214.7,3,22079,15.7,Low Risk,Monsoon Peak Hazard
Nainital,2020,9,85.9,3,33707,11.3,Low Risk,Monsoon Peak Hazard
Nainital,2020,10,62.0,0,44037,2.1,Low Risk,Winter Peak Tourism
Nainital,2020,11,14.2,0,52803,0.5,Low Risk,Winter Peak Tourism
Nainital,2020,12,41.4,0,36727,1.4,Low Risk,Winter Peak Tourism
Nainital,2021,1,128.6,0,35818,4.4,Low Risk,Winter Peak Tourism
Nainital,2021,2,28.9,0,20536,1.0,Low Risk,Winter Peak Tourism
Nainital,2021,3,22.7,1,52377,3.6,Low Risk,Spring/Summer Peak
Nainital,2021,4,67.7,1,31736,5.1,Low Risk,Spring/Summer Peak
Nainital,2021,5,41.5,1,41643,4.2,Low Risk,Spring/Summer Peak
Nainital,2021,6,106.9,3,42593,12.0,Low Risk,Monsoon Peak Hazard
Nainital,2021,7,166.8,4,26047,16.8,Low Risk,Monsoon Peak Hazard
Nainital,2021,8,143.5,1,40007,7.7,Low Risk,Monsoon Peak Hazard
Nainital,2021,9,471.0,7,18467,35.6,Low Risk,Monsoon Peak Hazard
Nainital,2021,10,26.3,1,65412,3.7,Low Risk,Winter Peak Tourism
Nainital,2021,11,26.5,1,58468,3.7,Low Risk,Winter Peak Tourism
Nainital,2021,12,14.3,0,64147,0.5,Low Risk,Winter Peak Tourism
Nainital,2022,1,13.5,1,30171,3.2,Low Risk,Winter Peak Tourism
Nainital,2022,2,20.7,1,49919,3.5,Low Risk,Winter Peak Tourism
Nainital,2022,3,27.9,0,41541,1.0,Low Risk,Spring/Summer Peak
Nainital,2022,4,57.1,1,19366,4.7,Low Risk,Spring/Summer Peak
Nainital,2022,5,10.1,0,46236,0.3,Low Risk,Spring/Summer Peak
Nainital,2022,6,470.2,7,15720,35.5,Low Risk,Monsoon Peak Hazard
Nainital,2022,7,426.7,7,29330,34.0,Low Risk,Monsoon Peak Hazard
Nainital,2022,8,448.2,6,31922,32.0,Low Risk,Monsoon Peak Hazard
Nainital,2022,9,129.6,2,29423,10.0,Low Risk,Monsoon Peak Hazard
Nainital,2022,10,40.0,1,49387,4.1,Low Risk,Winter Peak Tourism
Nainital,2022,11,3.7,1,42682,2.9,Low Risk,Winter Peak Tourism
Nainital,2022,12,21.2,0,45326,0.7,Low Risk,Winter Peak Tourism
Nainital,2023,1,19.7,0,26720,0.7,Low Risk,Winter Peak Tourism
Nainital,2023,2,18.2,0,56508,0.6,Low Risk,Winter Peak Tourism
Nainital,2023,3,2.0,1,51167,2.8,Low Risk,Spring/Summer Peak
Nainital,2023,4,2.8,0,34735,0.1,Low Risk,Spring/Summer Peak
Nainital,2023,5,34.3,0,42567,1.2,Low Risk,Spring/Summer Peak
Nainital,2023,6,99.5,3,45794,11.7,Low Risk,Monsoon Peak Hazard
Nainital,2023,7,212.7,3,38076,15.6,Low Risk,Monsoon Peak Hazard
Nainital,2023,8,150.3,3,38349,13.5,Low Risk,Monsoon Peak Hazard
Nainital,2023,9,221.0,2,37323,13.1,Low Risk,Monsoon Peak Hazard
Nainital,2023,10,6.8,1,40543,3.0,Low Risk,Winter Peak Tourism
Nainital,2023,11,52.3,0,47819,1.8,Low Risk,Winter Peak Tourism
Nainital,2023,12,22.2,1,54238,3.5,Low Risk,Winter Peak Tourism
Nainital,2024,1,11.4,1,56442,3.2,Low Risk,Winter Peak Tourism
Nainital,2024,2,17.3,1,40051,3.4,Low Risk,Winter Peak Tourism
Nainital,2024,3,69.0,0,52067,2.4,Low Risk,Spring/Summer Peak
Nainital,2024,4,21.0,0,35516,0.7,Low Risk,Spring/Summer Peak
Nainital,2024,5,13.2,0,52635,0.5,Low Risk,Spring/Summer Peak
Nainital,2024,6,114.8,3,42128,12.3,Low Risk,Monsoon Peak Hazard
Nainital,2024,7,472.7,7,32268,35.6,Low Risk,Monsoon Peak Hazard
Nainital,2024,8,393.6,4,48024,24.6,Low Risk,Monsoon Peak Hazard
Nainital,2024,9,171.2,4,27942,17.0,Low Risk,Monsoon Peak Hazard
Nainital,2024,10,4.6,1,59866,2.9,Low Risk,Winter Peak Tourism
Nainital,2024,11,62.8,0,45879,2.1,Low Risk,Winter Peak Tourism
Nainital,2024,12,3.3,0,42138,0.1,Low Risk,Winter Peak Tourism
Chamoli,2015,1,47.9,0,32818,1.6,Low Risk,Winter Peak Tourism
Chamoli,2015,2,20.0,1,53639,3.5,Low Risk,Winter Peak Tourism
Chamoli,2015,3,30.7,0,53198,1.0,Low Risk,Spring/Summer Peak
Chamoli,2015,4,25.0,1,36011,3.6,Low Risk,Spring/Summer Peak
Chamoli,2015,5,6.0,1,32252,3.0,Low Risk,Spring/Summer Peak
Chamoli,2015,6,84.3,2,33984,8.4,Low Risk,Monsoon Peak Hazard
Chamoli,2015,7,286.6,5,57104,23.7,Low Risk,Monsoon Peak Hazard
Chamoli,2015,8,396.4,4,40825,24.7,Low Risk,Monsoon Peak Hazard
Chamoli,2015,9,294.4,5,34701,24.0,Low Risk,Monsoon Peak Hazard
Chamoli,2015,10,28.0,1,40307,3.7,Low Risk,Winter Peak Tourism
Chamoli,2015,11,5.4,1,40025,3.0,Low Risk,Winter Peak Tourism
Chamoli,2015,12,4.0,0,32450,0.1,Low Risk,Winter Peak Tourism
Chamoli,2016,1,7.7,0,33619,0.3,Low Risk,Winter Peak Tourism
Chamoli,2016,2,15.3,0,36271,0.5,Low Risk,Winter Peak Tourism
Chamoli,2016,3,46.5,1,49282,4.4,Low Risk,Spring/Summer Peak
Chamoli,2016,4,12.2,0,54909,0.4,Low Risk,Spring/Summer Peak
Chamoli,2016,5,76.9,0,38681,2.6,Low Risk,Spring/Summer Peak
Chamoli,2016,6,585.4,9,7543,45.0,Moderate Risk,Monsoon Peak Hazard
Chamoli,2016,7,352.9,4,12056,23.2,Low Risk,Monsoon Peak Hazard
Chamoli,2016,8,207.9,3,41567,15.4,Low Risk,Monsoon Peak Hazard
Chamoli,2016,9,141.1,1,31394,7.6,Low Risk,Monsoon Peak Hazard
Chamoli,2016,10,97.4,0,51204,3.3,Low Risk,Winter Peak Tourism
Chamoli,2016,11,23.0,1,45610,3.6,Low Risk,Winter Peak Tourism
Chamoli,2016,12,20.9,0,35245,0.7,Low Risk,Winter Peak Tourism
Chamoli,2017,1,16.7,1,28045,3.3,Low Risk,Winter Peak Tourism
Chamoli,2017,2,68.5,1,64139,5.1,Low Risk,Winter Peak Tourism
Chamoli,2017,3,14.2,1,38552,3.3,Low Risk,Spring/Summer Peak
Chamoli,2017,4,25.0,1,54151,3.6,Low Risk,Spring/Summer Peak
Chamoli,2017,5,22.5,1,33868,3.5,Low Risk,Spring/Summer Peak
Chamoli,2017,6,24.9,2,31349,6.4,Low Risk,Monsoon Peak Hazard
Chamoli,2017,7,196.5,4,28016,17.8,Low Risk,Monsoon Peak Hazard
Chamoli,2017,8,64.5,0,33997,2.2,Low Risk,Monsoon Peak Hazard
Chamoli,2017,9,478.5,7,33790,35.8,Low Risk,Monsoon Peak Hazard
Chamoli,2017,10,8.8,0,45548,0.3,Low Risk,Winter Peak Tourism
Chamoli,2017,11,5.9,0,43401,0.2,Low Risk,Winter Peak Tourism
Chamoli,2017,12,24.4,1,41376,3.6,Low Risk,Winter Peak Tourism
Chamoli,2018,1,38.4,1,39330,4.1,Low Risk,Winter Peak Tourism
Chamoli,2018,2,49.3,1,58997,4.5,Low Risk,Winter Peak Tourism
Chamoli,2018,3,6.9,0,34585,0.2,Low Risk,Spring/Summer Peak
Chamoli,2018,4,11.7,1,47674,3.2,Low Risk,Spring/Summer Peak
Chamoli,2018,5,16.4,1,31668,3.3,Low Risk,Spring/Summer Peak
Chamoli,2018,6,296.6,5,37647,24.0,Low Risk,Monsoon Peak Hazard
Chamoli,2018,7,601.2,7,1000,40.0,Moderate Risk,Monsoon Peak Hazard
Chamoli,2018,8,556.9,6,10453,35.7,Low Risk,Monsoon Peak Hazard
Chamoli,2018,9,293.1,3,29376,18.4,Low Risk,Monsoon Peak Hazard
Chamoli,2018,10,60.9,1,41758,4.9,Low Risk,Winter Peak Tourism
Chamoli,2018,11,6.0,1,48034,3.0,Low Risk,Winter Peak Tourism
Chamoli,2018,12,0.7,1,53663,2.8,Low Risk,Winter Peak Tourism
Chamoli,2019,1,15.5,0,54798,0.5,Low Risk,Winter Peak Tourism
Chamoli,2019,2,4.5,0,34329,0.2,Low Risk,Winter Peak Tourism
Chamoli,2019,3,69.2,1,39313,5.1,Low Risk,Spring/Summer Peak
Chamoli,2019,4,9.5,0,45729,0.3,Low Risk,Spring/Summer Peak
Chamoli,2019,5,50.6,0,55589,1.7,Low Risk,Spring/Summer Peak
Chamoli,2019,6,337.7,5,11089,25.4,Low Risk,Monsoon Peak Hazard
Chamoli,2019,7,156.3,3,40327,13.7,Low Risk,Monsoon Peak Hazard
Chamoli,2019,8,713.4,10,25033,52.2,Moderate Risk,Monsoon Peak Hazard
Chamoli,2019,9,557.2,7,19709,38.5,Low Risk,Monsoon Peak Hazard
Chamoli,2019,10,22.0,1,47618,3.5,Low Risk,Winter Peak Tourism
Chamoli,2019,11,6.1,0,43510,0.2,Low Risk,Winter Peak Tourism
Chamoli,2019,12,27.7,1,51857,3.7,Low Risk,Winter Peak Tourism
Chamoli,2020,1,38.4,1,41836,4.1,Low Risk,Winter Peak Tourism
Chamoli,2020,2,25.1,1,48945,3.6,Low Risk,Winter Peak Tourism
Chamoli,2020,3,4.4,1,43599,2.9,Low Risk,Spring/Summer Peak
Chamoli,2020,4,7.3,1,32317,3.0,Low Risk,Spring/Summer Peak
Chamoli,2020,5,55.3,0,43688,1.9,Low Risk,Spring/Summer Peak
Chamoli,2020,6,1145.7,15,1000,80.8,High Risk,Monsoon Peak Hazard
Chamoli,2020,7,23.2,0,40331,0.8,Low Risk,Monsoon Peak Hazard
Chamoli,2020,8,860.7,12,1494,62.8,Moderate Risk,Monsoon Peak Hazard
Chamoli,2020,9,493.6,6,14375,33.5,Low Risk,Monsoon Peak Hazard
Chamoli,2020,10,90.0,0,31813,3.1,Low Risk,Winter Peak Tourism
Chamoli,2020,11,95.2,0,40686,3.3,Low Risk,Winter Peak Tourism
Chamoli,2020,12,39.5,0,51071,1.4,Low Risk,Winter Peak Tourism
Chamoli,2021,1,30.4,1,52781,3.8,Low Risk,Winter Peak Tourism
Chamoli,2021,2,8.6,0,58117,0.3,Low Risk,Winter Peak Tourism
Chamoli,2021,3,1.6,1,55206,2.8,Low Risk,Spring/Summer Peak
Chamoli,2021,4,1.2,1,32429,2.8,Low Risk,Spring/Summer Peak
Chamoli,2021,5,11.3,0,70496,0.4,Low Risk,Spring/Summer Peak
Chamoli,2021,6,93.7,2,50848,8.8,Low Risk,Monsoon Peak Hazard
Chamoli,2021,7,615.6,9,10627,46.1,Moderate Risk,Monsoon Peak Hazard
Chamoli,2021,8,615.5,8,1000,43.3,Moderate Risk,Monsoon Peak Hazard
Chamoli,2021,9,64.7,1,46776,5.0,Low Risk,Monsoon Peak Hazard
Chamoli,2021,10,64.9,0,54313,2.2,Low Risk,Winter Peak Tourism
Chamoli,2021,11,2.0,0,35952,0.1,Low Risk,Winter Peak Tourism
Chamoli,2021,12,48.9,1,36049,4.5,Low Risk,Winter Peak Tourism
Chamoli,2022,1,29.5,1,53960,3.8,Low Risk,Winter Peak Tourism
Chamoli,2022,2,16.7,1,44988,3.3,Low Risk,Winter Peak Tourism
Chamoli,2022,3,83.9,0,51457,2.9,Low Risk,Spring/Summer Peak
Chamoli,2022,4,2.2,1,57122,2.9,Low Risk,Spring/Summer Peak
Chamoli,2022,5,15.4,0,37394,0.5,Low Risk,Spring/Summer Peak
Chamoli,2022,6,1165.9,14,1000,78.8,High Risk,Monsoon Peak Hazard
Chamoli,2022,7,173.3,2,50870,11.5,Low Risk,Monsoon Peak Hazard
Chamoli,2022,8,35.0,1,40251,4.0,Low Risk,Monsoon Peak Hazard
Chamoli,2022,9,31.4,2,31356,6.6,Low Risk,Monsoon Peak Hazard
Chamoli,2022,10,89.8,0,46138,3.1,Low Risk,Winter Peak Tourism
Chamoli,2022,11,121.1,0,23620,4.1,Low Risk,Winter Peak Tourism
Chamoli,2022,12,86.9,0,39685,3.0,Low Risk,Winter Peak Tourism
Chamoli,2023,1,15.4,0,44772,0.5,Low Risk,Winter Peak Tourism
Chamoli,2023,2,31.5,0,42144,1.1,Low Risk,Winter Peak Tourism
Chamoli,2023,3,1.1,1,39932,2.8,Low Risk,Spring/Summer Peak
Chamoli,2023,4,45.4,1,47884,4.3,Low Risk,Spring/Summer Peak
Chamoli,2023,5,7.3,0,56576,0.2,Low Risk,Spring/Summer Peak
Chamoli,2023,6,184.4,3,24042,14.6,Low Risk,Monsoon Peak Hazard
Chamoli,2023,7,980.9,12,1000,66.9,Moderate Risk,Monsoon Peak Hazard
Chamoli,2023,8,685.4,8,28690,45.7,Moderate Risk,Monsoon Peak Hazard
Chamoli,2023,9,58.0,2,34941,7.5,Low Risk,Monsoon Peak Hazard
Chamoli,2023,10,93.5,1,39636,6.0,Low Risk,Winter Peak Tourism
Chamoli,2023,11,80.5,0,39100,2.8,Low Risk,Winter Peak Tourism
Chamoli,2023,12,2.7,1,42508,2.9,Low Risk,Winter Peak Tourism
Chamoli,2024,1,22.8,0,44880,0.8,Low Risk,Winter Peak Tourism
Chamoli,2024,2,7.5,0,53701,0.3,Low Risk,Winter Peak Tourism
Chamoli,2024,3,25.4,1,44088,3.6,Low Risk,Spring/Summer Peak
Chamoli,2024,4,34.0,0,47394,1.2,Low Risk,Spring/Summer Peak
Chamoli,2024,5,22.1,1,50274,3.5,Low Risk,Spring/Summer Peak
Chamoli,2024,6,477.7,5,25332,30.2,Low Risk,Monsoon Peak Hazard
Chamoli,2024,7,85.1,3,33320,11.2,Low Risk,Monsoon Peak Hazard
Chamoli,2024,8,109.9,1,45449,6.5,Low Risk,Monsoon Peak Hazard
Chamoli,2024,9,219.0,3,35516,15.8,Low Risk,Monsoon Peak Hazard
Chamoli,2024,10,71.8,1,45592,5.2,Low Risk,Winter Peak Tourism
Chamoli,2024,11,21.2,0,47941,0.7,Low Risk,Winter Peak Tourism
Chamoli,2024,12,6.4,0,46589,0.2,Low Risk,Winter Peak Tourism
Uttarkashi,2015,1,30.0,0,43965,1.0,Low Risk,Winter Peak Tourism
Uttarkashi,2015,2,14.2,1,59242,3.3,Low Risk,Winter Peak Tourism
Uttarkashi,2015,3,3.4,1,46966,2.9,Low Risk,Spring/Summer Peak
Uttarkashi,2015,4,0.6,0,44019,0.0,Low Risk,Spring/Summer Peak
Uttarkashi,2015,5,30.0,1,46288,3.8,Low Risk,Spring/Summer Peak
Uttarkashi,2015,6,430.8,6,30225,31.4,Low Risk,Monsoon Peak Hazard
Uttarkashi,2015,7,425.7,6,33483,31.2,Low Risk,Monsoon Peak Hazard
Uttarkashi,2015,8,168.1,4,37874,16.9,Low Risk,Monsoon Peak Hazard
Uttarkashi,2015,9,328.0,6,23339,27.9,Low Risk,Monsoon Peak Hazard
Uttarkashi,2015,10,51.7,0,58070,1.8,Low Risk,Winter Peak Tourism
Uttarkashi,2015,11,34.5,1,42617,4.0,Low Risk,Winter Peak Tourism
Uttarkashi,2015,12,5.2,1,32441,3.0,Low Risk,Winter Peak Tourism
Uttarkashi,2016,1,47.5,0,40846,1.6,Low Risk,Winter Peak Tourism
Uttarkashi,2016,2,10.6,1,46906,3.1,Low Risk,Winter Peak Tourism
Uttarkashi,2016,3,31.9,0,37765,1.1,Low Risk,Spring/Summer Peak
Uttarkashi,2016,4,60.8,1,39737,4.9,Low Risk,Spring/Summer Peak
Uttarkashi,2016,5,86.3,1,29217,5.7,Low Risk,Spring/Summer Peak
Uttarkashi,2016,6,189.2,3,51033,14.8,Low Risk,Monsoon Peak Hazard
Uttarkashi,2016,7,206.1,2,38213,12.6,Low Risk,Monsoon Peak Hazard
Uttarkashi,2016,8,77.5,2,55561,8.2,Low Risk,Monsoon Peak Hazard
Uttarkashi,2016,9,322.4,5,33446,24.9,Low Risk,Monsoon Peak Hazard
Uttarkashi,2016,10,22.7,0,34422,0.8,Low Risk,Winter Peak Tourism
Uttarkashi,2016,11,1.0,1,48182,2.8,Low Risk,Winter Peak Tourism
Uttarkashi,2016,12,102.8,1,38962,6.3,Low Risk,Winter Peak Tourism
Uttarkashi,2017,1,3.7,0,59214,0.1,Low Risk,Winter Peak Tourism
Uttarkashi,2017,2,28.0,1,30015,3.7,Low Risk,Winter Peak Tourism
Uttarkashi,2017,3,20.3,0,40824,0.7,Low Risk,Spring/Summer Peak
Uttarkashi,2017,4,31.6,0,51825,1.1,Low Risk,Spring/Summer Peak
Uttarkashi,2017,5,11.1,0,37916,0.4,Low Risk,Spring/Summer Peak
Uttarkashi,2017,6,227.7,3,21838,16.1,Low Risk,Monsoon Peak Hazard
Uttarkashi,2017,7,1099.4,13,1000,73.7,High Risk,Monsoon Peak Hazard
Uttarkashi,2017,8,303.4,3,34523,18.7,Low Risk,Monsoon Peak Hazard
Uttarkashi,2017,9,249.3,3,20951,16.9,Low Risk,Monsoon Peak Hazard
Uttarkashi,2017,10,24.6,1,54001,3.6,Low Risk,Winter Peak Tourism
Uttarkashi,2017,11,2.6,0,45786,0.1,Low Risk,Winter Peak Tourism
Uttarkashi,2017,12,2.5,1,51198,2.9,Low Risk,Winter Peak Tourism
Uttarkashi,2018,1,51.7,1,32628,4.5,Low Risk,Winter Peak Tourism
Uttarkashi,2018,2,5.5,0,46830,0.2,Low Risk,Winter Peak Tourism
Uttarkashi,2018,3,28.8,0,52364,1.0,Low Risk,Spring/Summer Peak
Uttarkashi,2018,4,23.4,1,56482,3.6,Low Risk,Spring/Summer Peak
Uttarkashi,2018,5,28.4,0,49172,1.0,Low Risk,Spring/Summer Peak
Uttarkashi,2018,6,601.7,9,16889,45.6,Moderate Risk,Monsoon Peak Hazard
Uttarkashi,2018,7,739.1,9,3441,50.3,Moderate Risk,Monsoon Peak Hazard
Uttarkashi,2018,8,1046.4,14,1000,74.7,High Risk,Monsoon Peak Hazard
Uttarkashi,2018,9,98.7,3,34771,11.7,Low Risk,Monsoon Peak Hazard
Uttarkashi,2018,10,1.3,1,62208,2.8,Low Risk,Winter Peak Tourism
Uttarkashi,2018,11,7.8,1,48974,3.0,Low Risk,Winter Peak Tourism
Uttarkashi,2018,12,23.5,0,32548,0.8,Low Risk,Winter Peak Tourism
Uttarkashi,2019,1,34.2,0,48932,1.2,Low Risk,Winter Peak Tourism
Uttarkashi,2019,2,16.3,0,41613,0.6,Low Risk,Winter Peak Tourism
Uttarkashi,2019,3,60.8,0,25273,2.1,Low Risk,Spring/Summer Peak
Uttarkashi,2019,4,16.1,1,25550,3.3,Low Risk,Spring/Summer Peak
Uttarkashi,2019,5,13.9,1,35288,3.3,Low Risk,Spring/Summer Peak
Uttarkashi,2019,6,1462.1,18,1000,100.0,High Risk,Monsoon Peak Hazard
Uttarkashi,2019,7,738.4,10,3490,53.0,Moderate Risk,Monsoon Peak Hazard
Uttarkashi,2019,8,601.6,9,19314,45.6,Moderate Risk,Monsoon Peak Hazard
Uttarkashi,2019,9,439.3,5,24829,28.9,Low Risk,Monsoon Peak Hazard
Uttarkashi,2019,10,18.8,0,37803,0.6,Low Risk,Winter Peak Tourism
Uttarkashi,2019,11,37.7,1,47070,4.1,Low Risk,Winter Peak Tourism
Uttarkashi,2019,12,27.6,1,46856,3.7,Low Risk,Winter Peak Tourism
Uttarkashi,2020,1,20.3,1,41068,3.5,Low Risk,Winter Peak Tourism
Uttarkashi,2020,2,3.1,0,52563,0.1,Low Risk,Winter Peak Tourism
Uttarkashi,2020,3,13.4,1,15846,3.2,Low Risk,Spring/Summer Peak
Uttarkashi,2020,4,3.0,0,48592,0.1,Low Risk,Spring/Summer Peak
Uttarkashi,2020,5,9.0,0,43683,0.3,Low Risk,Spring/Summer Peak
Uttarkashi,2020,6,253.3,3,31398,17.0,Low Risk,Monsoon Peak Hazard
Uttarkashi,2020,7,128.9,2,30951,10.0,Low Risk,Monsoon Peak Hazard
Uttarkashi,2020,8,265.2,4,18911,20.2,Low Risk,Monsoon Peak Hazard
Uttarkashi,2020,9,219.7,2,22565,13.1,Low Risk,Monsoon Peak Hazard
Uttarkashi,2020,10,8.7,1,53034,3.1,Low Risk,Winter Peak Tourism
Uttarkashi,2020,11,19.3,0,56259,0.7,Low Risk,Winter Peak Tourism
Uttarkashi,2020,12,36.7,1,53469,4.0,Low Risk,Winter Peak Tourism
Uttarkashi,2021,1,6.9,0,47042,0.2,Low Risk,Winter Peak Tourism
Uttarkashi,2021,2,1.0,1,45431,2.8,Low Risk,Winter Peak Tourism
Uttarkashi,2021,3,82.8,0,33986,2.8,Low Risk,Spring/Summer Peak
Uttarkashi,2021,4,30.6,0,50793,1.0,Low Risk,Spring/Summer Peak
Uttarkashi,2021,5,11.4,0,43622,0.4,Low Risk,Spring/Summer Peak
Uttarkashi,2021,6,751.2,10,15159,53.5,Moderate Risk,Monsoon Peak Hazard
Uttarkashi,2021,7,278.0,5,35627,23.4,Low Risk,Monsoon Peak Hazard
Uttarkashi,2021,8,279.8,4,14268,20.7,Low Risk,Monsoon Peak Hazard
Uttarkashi,2021,9,531.9,8,8008,40.4,Moderate Risk,Monsoon Peak Hazard
Uttarkashi,2021,10,5.3,0,47499,0.2,Low Risk,Winter Peak Tourism
Uttarkashi,2021,11,17.6,0,37613,0.6,Low Risk,Winter Peak Tourism
Uttarkashi,2021,12,99.2,0,48741,3.4,Low Risk,Winter Peak Tourism
Uttarkashi,2022,1,86.8,1,45616,5.7,Low Risk,Winter Peak Tourism
Uttarkashi,2022,2,0.5,1,54603,2.8,Low Risk,Winter Peak Tourism
Uttarkashi,2022,3,25.4,1,46808,3.6,Low Risk,Spring/Summer Peak
Uttarkashi,2022,4,3.6,0,55875,0.1,Low Risk,Spring/Summer Peak
Uttarkashi,2022,5,7.3,1,56505,3.0,Low Risk,Spring/Summer Peak
Uttarkashi,2022,6,361.3,5,36836,26.2,Low Risk,Monsoon Peak Hazard
Uttarkashi,2022,7,499.5,6,17499,33.7,Low Risk,Monsoon Peak Hazard
Uttarkashi,2022,8,150.3,2,34218,10.7,Low Risk,Monsoon Peak Hazard
Uttarkashi,2022,9,558.3,7,4807,38.5,Low Risk,Monsoon Peak Hazard
Uttarkashi,2022,10,63.1,0,54743,2.2,Low Risk,Winter Peak Tourism
Uttarkashi,2022,11,3.8,1,42193,2.9,Low Risk,Winter Peak Tourism
Uttarkashi,2022,12,31.4,0,32466,1.1,Low Risk,Winter Peak Tourism
Uttarkashi,2023,1,15.1,0,29842,0.5,Low Risk,Winter Peak Tourism
Uttarkashi,2023,2,14.4,0,28754,0.5,Low Risk,Winter Peak Tourism
Uttarkashi,2023,3,14.0,1,41263,3.3,Low Risk,Spring/Summer Peak
Uttarkashi,2023,4,0.4,0,61397,0.0,Low Risk,Spring/Summer Peak
Uttarkashi,2023,5,29.0,1,53648,3.8,Low Risk,Spring/Summer Peak
Uttarkashi,2023,6,256.5,3,33073,17.1,Low Risk,Monsoon Peak Hazard
Uttarkashi,2023,7,83.9,3,51028,11.2,Low Risk,Monsoon Peak Hazard
Uttarkashi,2023,8,20.7,2,57154,6.3,Low Risk,Monsoon Peak Hazard
Uttarkashi,2023,9,267.2,5,19773,23.0,Low Risk,Monsoon Peak Hazard
Uttarkashi,2023,10,6.6,0,59977,0.2,Low Risk,Winter Peak Tourism
Uttarkashi,2023,11,13.0,1,48254,3.2,Low Risk,Winter Peak Tourism
Uttarkashi,2023,12,22.2,1,32788,3.5,Low Risk,Winter Peak Tourism
Uttarkashi,2024,1,11.0,0,69007,0.4,Low Risk,Winter Peak Tourism
Uttarkashi,2024,2,2.8,1,54648,2.9,Low Risk,Winter Peak Tourism
Uttarkashi,2024,3,37.8,0,32524,1.3,Low Risk,Spring/Summer Peak
Uttarkashi,2024,4,58.9,0,42688,2.0,Low Risk,Spring/Summer Peak
Uttarkashi,2024,5,22.3,0,53372,0.8,Low Risk,Spring/Summer Peak
Uttarkashi,2024,6,142.5,2,40116,10.4,Low Risk,Monsoon Peak Hazard
Uttarkashi,2024,7,618.1,8,16568,43.4,Moderate Risk,Monsoon Peak Hazard
Uttarkashi,2024,8,988.1,13,1000,69.9,Moderate Risk,Monsoon Peak Hazard
Uttarkashi,2024,9,73.6,0,43084,2.5,Low Risk,Monsoon Peak Hazard
Uttarkashi,2024,10,24.4,0,46433,0.8,Low Risk,Winter Peak Tourism
Uttarkashi,2024,11,45.5,1,49652,4.3,Low Risk,Winter Peak Tourism
Uttarkashi,2024,12,33.4,0,47905,1.1,Low Risk,Winter Peak Tourism
Haridwar,2015,1,3.0,1,42401,2.9,Low Risk,Winter Peak Tourism
Haridwar,2015,2,5.0,0,33475,0.2,Low Risk,Winter Peak Tourism
Haridwar,2015,3,40.1,1,67677,4.1,Low Risk,Spring/Summer Peak
Haridwar,2015,4,5.9,0,25783,0.2,Low Risk,Spring/Summer Peak
Haridwar,2015,5,30.8,1,49046,3.8,Low Risk,Spring/Summer Peak
Haridwar,2015,6,83.1,1,39961,5.6,Low Risk,Monsoon Peak Hazard
Haridwar,2015,7,339.2,5,20318,25.5,Low Risk,Monsoon Peak Hazard
Haridwar,2015,8,748.3,10,3460,53.4,Moderate Risk,Monsoon Peak Hazard
Haridwar,2015,9,313.3,5,23992,24.6,Low Risk,Monsoon Peak Hazard
Haridwar,2015,10,44.4,1,36961,4.3,Low Risk,Winter Peak Tourism
Haridwar,2015,11,7.7,0,34466,0.3,Low Risk,Winter Peak Tourism
Haridwar,2015,12,28.8,0,35969,1.0,Low Risk,Winter Peak Tourism
Haridwar,2016,1,48.3,0,42917,1.7,Low Risk,Winter Peak Tourism
Haridwar,2016,2,30.7,1,46775,3.8,Low Risk,Winter Peak Tourism
Haridwar,2016,3,22.8,0,52193,0.8,Low Risk,Spring/Summer Peak
Haridwar,2016,4,18.3,1,51034,3.4,Low Risk,Spring/Summer Peak
Haridwar,2016,5,39.4,1,62497,4.1,Low Risk,Spring/Summer Peak
Haridwar,2016,6,458.7,5,4104,29.6,Low Risk,Monsoon Peak Hazard
Haridwar,2016,7,369.5,5,17317,26.5,Low Risk,Monsoon Peak Hazard
Haridwar,2016,8,229.1,2,24507,13.4,Low Risk,Monsoon Peak Hazard
Haridwar,2016,9,15.6,2,39225,6.1,Low Risk,Monsoon Peak Hazard
Haridwar,2016,10,5.0,0,53405,0.2,Low Risk,Winter Peak Tourism
Haridwar,2016,11,8.4,1,52222,3.1,Low Risk,Winter Peak Tourism
Haridwar,2016,12,22.1,1,52029,3.5,Low Risk,Winter Peak Tourism
Haridwar,2017,1,60.0,0,35136,2.1,Low Risk,Winter Peak Tourism
Haridwar,2017,2,52.5,1,39468,4.6,Low Risk,Winter Peak Tourism
Haridwar,2017,3,12.5,0,40294,0.4,Low Risk,Spring/Summer Peak
Haridwar,2017,4,2.8,0,45462,0.1,Low Risk,Spring/Summer Peak
Haridwar,2017,5,52.3,1,26274,4.6,Low Risk,Spring/Summer Peak
Haridwar,2017,6,942.9,13,1000,68.4,Moderate Risk,Monsoon Peak Hazard
Haridwar,2017,7,327.6,5,42639,25.1,Low Risk,Monsoon Peak Hazard
Haridwar,2017,8,10.8,0,44743,0.4,Low Risk,Monsoon Peak Hazard
Haridwar,2017,9,473.6,6,18419,32.9,Low Risk,Monsoon Peak Hazard
Haridwar,2017,10,4.6,0,39700,0.2,Low Risk,Winter Peak Tourism
Haridwar,2017,11,15.5,1,41862,3.3,Low Risk,Winter Peak Tourism
Haridwar,2017,12,5.0,0,45031,0.2,Low Risk,Winter Peak Tourism
Haridwar,2018,1,30.7,0,43372,1.0,Low Risk,Winter Peak Tourism
Haridwar,2018,2,25.7,0,68364,0.9,Low Risk,Winter Peak Tourism
Haridwar,2018,3,43.4,0,39827,1.5,Low Risk,Spring/Summer Peak
Haridwar,2018,4,11.5,0,33775,0.4,Low Risk,Spring/Summer Peak
Haridwar,2018,5,13.7,1,41260,3.2,Low Risk,Spring/Summer Peak
Haridwar,2018,6,483.0,6,1000,33.2,Low Risk,Monsoon Peak Hazard
Haridwar,2018,7,361.8,4,27450,23.5,Low Risk,Monsoon Peak Hazard
Haridwar,2018,8,418.5,7,19484,33.8,Low Risk,Monsoon Peak Hazard
Haridwar,2018,9,679.0,10,23236,51.0,Moderate Risk,Monsoon Peak Hazard
Haridwar,2018,10,24.9,1,36866,3.6,Low Risk,Winter Peak Tourism
Haridwar,2018,11,158.2,0,36465,5.4,Low Risk,Winter Peak Tourism
Haridwar,2018,12,29.0,0,37416,1.0,Low Risk,Winter Peak Tourism
Haridwar,2019,1,35.3,1,40208,4.0,Low Risk,Winter Peak Tourism
Haridwar,2019,2,28.9,1,28213,3.8,Low Risk,Winter Peak Tourism
Haridwar,2019,3,29.3,1,52657,3.8,Low Risk,Spring/Summer Peak
Haridwar,2019,4,56.5,1,28505,4.7,Low Risk,Spring/Summer Peak
Haridwar,2019,5,13.8,1,42064,3.2,Low Risk,Spring/Summer Peak
Haridwar,2019,6,71.9,0,40658,2.5,Low Risk,Monsoon Peak Hazard
Haridwar,2019,7,244.3,4,31044,19.5,Low Risk,Monsoon Peak Hazard
Haridwar,2019,8,332.7,6,42042,28.0,Low Risk,Monsoon Peak Hazard
Haridwar,2019,9,55.2,0,52571,1.9,Low Risk,Monsoon Peak Hazard
Haridwar,2019,10,111.7,1,25533,6.6,Low Risk,Winter Peak Tourism
Haridwar,2019,11,31.2,0,35819,1.1,Low Risk,Winter Peak Tourism
Haridwar,2019,12,55.8,0,38313,1.9,Low Risk,Winter Peak Tourism
Haridwar,2020,1,31.6,0,48956,1.1,Low Risk,Winter Peak Tourism
Haridwar,2020,2,14.1,1,41221,3.3,Low Risk,Winter Peak Tourism
Haridwar,2020,3,93.9,0,50568,3.2,Low Risk,Spring/Summer Peak
Haridwar,2020,4,93.3,0,44987,3.2,Low Risk,Spring/Summer Peak
Haridwar,2020,5,49.6,1,44184,4.5,Low Risk,Spring/Summer Peak
Haridwar,2020,6,405.6,5,19840,27.8,Low Risk,Monsoon Peak Hazard
Haridwar,2020,7,246.5,4,45794,19.5,Low Risk,Monsoon Peak Hazard
Haridwar,2020,8,596.3,7,30800,39.8,Low Risk,Monsoon Peak Hazard
Haridwar,2020,9,350.1,4,20719,23.1,Low Risk,Monsoon Peak Hazard
Haridwar,2020,10,1.5,1,47296,2.8,Low Risk,Winter Peak Tourism
Haridwar,2020,11,2.2,1,40339,2.9,Low Risk,Winter Peak Tourism
Haridwar,2020,12,3.3,0,31361,0.1,Low Risk,Winter Peak Tourism
Haridwar,2021,1,12.9,0,34638,0.4,Low Risk,Winter Peak Tourism
Haridwar,2021,2,85.6,0,36206,2.9,Low Risk,Winter Peak Tourism
Haridwar,2021,3,3.1,1,40484,2.9,Low Risk,Spring/Summer Peak
Haridwar,2021,4,53.3,1,52297,4.6,Low Risk,Spring/Summer Peak
Haridwar,2021,5,29.4,1,35962,3.8,Low Risk,Spring/Summer Peak
Haridwar,2021,6,117.5,1,30318,6.8,Low Risk,Monsoon Peak Hazard
Haridwar,2021,7,153.2,1,37726,8.0,Low Risk,Monsoon Peak Hazard
Haridwar,2021,8,236.1,2,22524,13.6,Low Risk,Monsoon Peak Hazard
Haridwar,2021,9,678.2,9,16170,48.2,Moderate Risk,Monsoon Peak Hazard
Haridwar,2021,10,4.1,0,47093,0.1,Low Risk,Winter Peak Tourism
Haridwar,2021,11,3.0,1,35767,2.9,Low Risk,Winter Peak Tourism
Haridwar,2021,12,17.0,1,33006,3.4,Low Risk,Winter Peak Tourism
Haridwar,2022,1,9.6,1,40830,3.1,Low Risk,Winter Peak Tourism
Haridwar,2022,2,3.9,1,41597,2.9,Low Risk,Winter Peak Tourism
Haridwar,2022,3,146.4,1,37651,7.8,Low Risk,Spring/Summer Peak
Haridwar,2022,4,50.8,0,38961,1.7,Low Risk,Spring/Summer Peak
Haridwar,2022,5,23.6,0,49316,0.8,Low Risk,Spring/Summer Peak
Haridwar,2022,6,204.9,3,50830,15.3,Low Risk,Monsoon Peak Hazard
Haridwar,2022,7,401.6,6,36655,30.4,Low Risk,Monsoon Peak Hazard
Haridwar,2022,8,121.4,1,48021,6.9,Low Risk,Monsoon Peak Hazard
Haridwar,2022,9,232.2,4,32532,19.1,Low Risk,Monsoon Peak Hazard
Haridwar,2022,10,100.7,0,52348,3.4,Low Risk,Winter Peak Tourism
Haridwar,2022,11,39.6,0,43233,1.4,Low Risk,Winter Peak Tourism
Haridwar,2022,12,42.6,0,23878,1.5,Low Risk,Winter Peak Tourism
Haridwar,2023,1,25.0,0,44535,0.9,Low Risk,Winter Peak Tourism
Haridwar,2023,2,3.0,1,57749,2.9,Low Risk,Winter Peak Tourism
Haridwar,2023,3,5.2,1,51470,3.0,Low Risk,Spring/Summer Peak
Haridwar,2023,4,24.5,1,52059,3.6,Low Risk,Spring/Summer Peak
Haridwar,2023,5,144.1,1,28525,7.7,Low Risk,Spring/Summer Peak
Haridwar,2023,6,300.5,3,28000,18.6,Low Risk,Monsoon Peak Hazard
Haridwar,2023,7,732.8,11,12304,55.6,Moderate Risk,Monsoon Peak Hazard
Haridwar,2023,8,103.4,2,54695,9.1,Low Risk,Monsoon Peak Hazard
Haridwar,2023,9,297.4,4,32492,21.3,Low Risk,Monsoon Peak Hazard
Haridwar,2023,10,6.8,1,52398,3.0,Low Risk,Winter Peak Tourism
Haridwar,2023,11,42.4,0,54104,1.4,Low Risk,Winter Peak Tourism
Haridwar,2023,12,10.9,1,33740,3.2,Low Risk,Winter Peak Tourism
Haridwar,2024,1,14.6,1,44328,3.3,Low Risk,Winter Peak Tourism
Haridwar,2024,2,38.4,1,38498,4.1,Low Risk,Winter Peak Tourism
Haridwar,2024,3,32.6,1,39791,3.9,Low Risk,Spring/Summer Peak
Haridwar,2024,4,35.7,0,39053,1.2,Low Risk,Spring/Summer Peak
Haridwar,2024,5,15.4,0,32420,0.5,Low Risk,Spring/Summer Peak
Haridwar,2024,6,970.7,13,1000,69.3,Moderate Risk,Monsoon Peak Hazard
Haridwar,2024,7,811.4,11,23295,58.3,Moderate Risk,Monsoon Peak Hazard
Haridwar,2024,8,707.8,10,25232,52.0,Moderate Risk,Monsoon Peak Hazard
Haridwar,2024,9,122.7,1,38832,7.0,Low Risk,Monsoon Peak Hazard
Haridwar,2024,10,41.1,1,52423,4.2,Low Risk,Winter Peak Tourism
Haridwar,2024,11,21.8,1,50727,3.5,Low Risk,Winter Peak Tourism
Haridwar,2024,12,14.0,1,37130,3.3,Low Risk,Winter Peak Tourism
Rudraprayag,2015,1,2.8,1,26195,2.9,Low Risk,Winter Peak Tourism
Rudraprayag,2015,2,1.9,1,46801,2.8,Low Risk,Winter Peak Tourism
Rudraprayag,2015,3,16.4,1,49947,3.3,Low Risk,Spring/Summer Peak
Rudraprayag,2015,4,20.6,0,41706,0.7,Low Risk,Spring/Summer Peak
Rudraprayag,2015,5,54.9,0,32658,1.9,Low Risk,Spring/Summer Peak
Rudraprayag,2015,6,313.6,5,15555,24.6,Low Risk,Monsoon Peak Hazard
Rudraprayag,2015,7,161.1,2,44659,11.1,Low Risk,Monsoon Peak Hazard
Rudraprayag,2015,8,178.5,2,41362,11.7,Low Risk,Monsoon Peak Hazard
Rudraprayag,2015,9,124.9,2,40809,9.8,Low Risk,Monsoon Peak Hazard
Rudraprayag,2015,10,20.6,0,40186,0.7,Low Risk,Winter Peak Tourism
Rudraprayag,2015,11,45.5,1,36705,4.3,Low Risk,Winter Peak Tourism
Rudraprayag,2015,12,28.3,1,48274,3.7,Low Risk,Winter Peak Tourism
Rudraprayag,2016,1,15.3,1,47771,3.3,Low Risk,Winter Peak Tourism
Rudraprayag,2016,2,2.1,1,46107,2.8,Low Risk,Winter Peak Tourism
Rudraprayag,2016,3,1.4,1,36151,2.8,Low Risk,Spring/Summer Peak
Rudraprayag,2016,4,71.0,1,33180,5.2,Low Risk,Spring/Summer Peak
Rudraprayag,2016,5,110.5,1,36438,6.6,Low Risk,Spring/Summer Peak
Rudraprayag,2016,6,693.2,8,5079,45.9,Moderate Risk,Monsoon Peak Hazard
Rudraprayag,2016,7,247.3,4,13156,19.6,Low Risk,Monsoon Peak Hazard
Rudraprayag,2016,8,434.5,7,30641,34.3,Low Risk,Monsoon Peak Hazard
Rudraprayag,2016,9,199.4,4,35700,17.9,Low Risk,Monsoon Peak Hazard
Rudraprayag,2016,10,82.9,1,46016,5.6,Low Risk,Winter Peak Tourism
Rudraprayag,2016,11,52.8,1,51206,4.6,Low Risk,Winter Peak Tourism
Rudraprayag,2016,12,119.4,1,29839,6.9,Low Risk,Winter Peak Tourism
Rudraprayag,2017,1,4.7,0,47700,0.2,Low Risk,Winter Peak Tourism
Rudraprayag,2017,2,18.7,0,30498,0.6,Low Risk,Winter Peak Tourism
Rudraprayag,2017,3,88.1,1,32508,5.8,Low Risk,Spring/Summer Peak
Rudraprayag,2017,4,4.9,1,41601,2.9,Low Risk,Spring/Summer Peak
Rudraprayag,2017,5,16.2,0,46193,0.6,Low Risk,Spring/Summer Peak
Rudraprayag,2017,6,544.9,6,12834,35.3,Low Risk,Monsoon Peak Hazard
Rudraprayag,2017,7,65.3,2,45527,7.8,Low Risk,Monsoon Peak Hazard
Rudraprayag,2017,8,790.5,10,3110,54.8,Moderate Risk,Monsoon Peak Hazard
Rudraprayag,2017,9,545.5,7,22092,38.1,Low Risk,Monsoon Peak Hazard
Rudraprayag,2017,10,18.6,1,53108,3.4,Low Risk,Winter Peak Tourism
Rudraprayag,2017,11,18.5,0,36967,0.6,Low Risk,Winter Peak Tourism
Rudraprayag,2017,12,21.6,1,44659,3.5,Low Risk,Winter Peak Tourism
Rudraprayag,2018,1,13.2,0,37880,0.5,Low Risk,Winter Peak Tourism
Rudraprayag,2018,2,5.4,0,36738,0.2,Low Risk,Winter Peak Tourism
Rudraprayag,2018,3,42.6,1,28407,4.2,Low Risk,Spring/Summer Peak
Rudraprayag,2018,4,63.1,1,42796,4.9,Low Risk,Spring/Summer Peak
Rudraprayag,2018,5,5.3,1,41817,3.0,Low Risk,Spring/Summer Peak
Rudraprayag,2018,6,238.4,2,25723,13.7,Low Risk,Monsoon Peak Hazard
Rudraprayag,2018,7,583.5,9,11191,45.0,Moderate Risk,Monsoon Peak Hazard
Rudraprayag,2018,8,176.2,4,47674,17.1,Low Risk,Monsoon Peak Hazard
Rudraprayag,2018,9,161.2,2,31818,11.1,Low Risk,Monsoon Peak Hazard
Rudraprayag,2018,10,25.9,0,54203,0.9,Low Risk,Winter Peak Tourism
Rudraprayag,2018,11,6.5,1,30867,3.0,Low Risk,Winter Peak Tourism
Rudraprayag,2018,12,22.8,1,64056,3.6,Low Risk,Winter Peak Tourism
Rudraprayag,2019,1,5.4,1,26423,3.0,Low Risk,Winter Peak Tourism
Rudraprayag,2019,2,58.4,0,67517,2.0,Low Risk,Winter Peak Tourism
Rudraprayag,2019,3,1.0,1,46777,2.8,Low Risk,Spring/Summer Peak
Rudraprayag,2019,4,67.3,1,36126,5.1,Low Risk,Spring/Summer Peak
Rudraprayag,2019,5,48.1,1,52039,4.4,Low Risk,Spring/Summer Peak
Rudraprayag,2019,6,254.7,5,46386,22.6,Low Risk,Monsoon Peak Hazard
Rudraprayag,2019,7,96.0,2,39788,8.8,Low Risk,Monsoon Peak Hazard
Rudraprayag,2019,8,83.2,1,38287,5.6,Low Risk,Monsoon Peak Hazard
Rudraprayag,2019,9,164.8,4,42345,16.7,Low Risk,Monsoon Peak Hazard
Rudraprayag,2019,10,6.2,0,49526,0.2,Low Risk,Winter Peak Tourism
Rudraprayag,2019,11,3.5,1,42469,2.9,Low Risk,Winter Peak Tourism
Rudraprayag,2019,12,11.3,0,47201,0.4,Low Risk,Winter Peak Tourism
Rudraprayag,2020,1,11.3,1,51755,3.2,Low Risk,Winter Peak Tourism
Rudraprayag,2020,2,20.4,0,44675,0.7,Low Risk,Winter Peak Tourism
Rudraprayag,2020,3,8.4,1,54999,3.1,Low Risk,Spring/Summer Peak
Rudraprayag,2020,4,52.5,1,36393,4.6,Low Risk,Spring/Summer Peak
Rudraprayag,2020,5,70.7,0,57873,2.4,Low Risk,Spring/Summer Peak
Rudraprayag,2020,6,711.4,9,6205,49.3,Moderate Risk,Monsoon Peak Hazard
Rudraprayag,2020,7,437.9,7,29291,34.4,Low Risk,Monsoon Peak Hazard
Rudraprayag,2020,8,112.7,2,42610,9.4,Low Risk,Monsoon Peak Hazard
Rudraprayag,2020,9,110.5,1,44515,6.6,Low Risk,Monsoon Peak Hazard
Rudraprayag,2020,10,54.4,0,40036,1.9,Low Risk,Winter Peak Tourism
Rudraprayag,2020,11,60.4,0,36039,2.1,Low Risk,Winter Peak Tourism
Rudraprayag,2020,12,10.9,0,59033,0.4,Low Risk,Winter Peak Tourism
Rudraprayag,2021,1,70.2,0,36334,2.4,Low Risk,Winter Peak Tourism
Rudraprayag,2021,2,43.6,0,51413,1.5,Low Risk,Winter Peak Tourism
Rudraprayag,2021,3,0.0,0,48461,0.0,Low Risk,Spring/Summer Peak
Rudraprayag,2021,4,3.5,1,31686,2.9,Low Risk,Spring/Summer Peak
Rudraprayag,2021,5,14.4,1,38486,3.3,Low Risk,Spring/Summer Peak
Rudraprayag,2021,6,302.2,3,29253,18.7,Low Risk,Monsoon Peak Hazard
Rudraprayag,2021,7,209.5,4,38744,18.3,Low Risk,Monsoon Peak Hazard
Rudraprayag,2021,8,451.5,6,27378,32.1,Low Risk,Monsoon Peak Hazard
Rudraprayag,2021,9,109.1,3,50405,12.1,Low Risk,Monsoon Peak Hazard
Rudraprayag,2021,10,61.8,1,38103,4.9,Low Risk,Winter Peak Tourism
Rudraprayag,2021,11,2.1,0,42073,0.1,Low Risk,Winter Peak Tourism
Rudraprayag,2021,12,8.3,1,27582,3.1,Low Risk,Winter Peak Tourism
Rudraprayag,2022,1,52.2,0,47672,1.8,Low Risk,Winter Peak Tourism
Rudraprayag,2022,2,10.6,0,51026,0.4,Low Risk,Winter Peak Tourism
Rudraprayag,2022,3,2.0,1,60177,2.8,Low Risk,Spring/Summer Peak
Rudraprayag,2022,4,57.4,0,30150,2.0,Low Risk,Spring/Summer Peak
Rudraprayag,2022,5,135.4,0,25499,4.6,Low Risk,Spring/Summer Peak
Rudraprayag,2022,6,230.3,3,31796,16.2,Low Risk,Monsoon Peak Hazard
Rudraprayag,2022,7,48.8,0,37600,1.7,Low Risk,Monsoon Peak Hazard
Rudraprayag,2022,8,133.1,3,38704,12.9,Low Risk,Monsoon Peak Hazard
Rudraprayag,2022,9,753.6,9,6475,50.8,Moderate Risk,Monsoon Peak Hazard
Rudraprayag,2022,10,33.2,0,32136,1.1,Low Risk,Winter Peak Tourism
Rudraprayag,2022,11,12.5,1,43275,3.2,Low Risk,Winter Peak Tourism
Rudraprayag,2022,12,17.6,1,43345,3.4,Low Risk,Winter Peak Tourism
Rudraprayag,2023,1,46.6,0,49012,1.6,Low Risk,Winter Peak Tourism
Rudraprayag,2023,2,8.1,0,40966,0.3,Low Risk,Winter Peak Tourism
Rudraprayag,2023,3,46.4,0,37656,1.6,Low Risk,Spring/Summer Peak
Rudraprayag,2023,4,31.7,1,41339,3.9,Low Risk,Spring/Summer Peak
Rudraprayag,2023,5,123.8,1,21312,7.0,Low Risk,Spring/Summer Peak
Rudraprayag,2023,6,147.8,1,39557,7.8,Low Risk,Monsoon Peak Hazard
Rudraprayag,2023,7,271.1,5,26747,23.2,Low Risk,Monsoon Peak Hazard
Rudraprayag,2023,8,209.7,4,13834,18.3,Low Risk,Monsoon Peak Hazard
Rudraprayag,2023,9,74.3,0,14968,2.5,Low Risk,Monsoon Peak Hazard
Rudraprayag,2023,10,0.2,1,40142,2.8,Low Risk,Winter Peak Tourism
Rudraprayag,2023,11,18.6,0,51822,0.6,Low Risk,Winter Peak Tourism
Rudraprayag,2023,12,25.5,1,38642,3.6,Low Risk,Winter Peak Tourism
Rudraprayag,2024,1,9.8,1,43360,3.1,Low Risk,Winter Peak Tourism
Rudraprayag,2024,2,2.7,0,46184,0.1,Low Risk,Winter Peak Tourism
Rudraprayag,2024,3,63.6,0,55127,2.2,Low Risk,Spring/Summer Peak
Rudraprayag,2024,4,62.2,0,38954,2.1,Low Risk,Spring/Summer Peak
Rudraprayag,2024,5,18.0,0,45232,0.6,Low Risk,Spring/Summer Peak
Rudraprayag,2024,6,136.4,1,23043,7.4,Low Risk,Monsoon Peak Hazard
Rudraprayag,2024,7,431.3,5,38749,28.6,Low Risk,Monsoon Peak Hazard
Rudraprayag,2024,8,408.3,6,28783,30.6,Low Risk,Monsoon Peak Hazard
Rudraprayag,2024,9,710.2,9,18458,49.3,Moderate Risk,Monsoon Peak Hazard
Rudraprayag,2024,10,48.3,1,33701,4.4,Low Risk,Winter Peak Tourism
Rudraprayag,2024,11,16.3,1,41116,3.3,Low Risk,Winter Peak Tourism
Rudraprayag,2024,12,69.2,1,39292,5.1,Low Risk,Winter Peak Tourism
Tehri Garhwal,2015,1,85.3,0,34236,2.9,Low Risk,Winter Peak Tourism
Tehri Garhwal,2015,2,31.2,1,55203,3.8,Low Risk,Winter Peak Tourism
Tehri Garhwal,2015,3,0.3,1,27644,2.8,Low Risk,Spring/Summer Peak
Tehri Garhwal,2015,4,4.5,0,54307,0.2,Low Risk,Spring/Summer Peak
Tehri Garhwal,2015,5,38.6,0,45940,1.3,Low Risk,Spring/Summer Peak
Tehri Garhwal,2015,6,292.9,4,47221,21.1,Low Risk,Monsoon Peak Hazard
Tehri Garhwal,2015,7,44.3,0,36327,1.5,Low Risk,Monsoon Peak Hazard
Tehri Garhwal,2015,8,438.6,7,21109,34.4,Low Risk,Monsoon Peak Hazard
Tehri Garhwal,2015,9,583.9,7,7141,39.4,Low Risk,Monsoon Peak Hazard
Tehri Garhwal,2015,10,35.4,1,35844,4.0,Low Risk,Winter Peak Tourism
Tehri Garhwal,2015,11,23.5,1,42146,3.6,Low Risk,Winter Peak Tourism
Tehri Garhwal,2015,12,46.7,1,37047,4.4,Low Risk,Winter Peak Tourism
Tehri Garhwal,2016,1,17.9,1,30816,3.4,Low Risk,Winter Peak Tourism
Tehri Garhwal,2016,2,74.5,0,40490,2.5,Low Risk,Winter Peak Tourism
Tehri Garhwal,2016,3,22.4,1,40424,3.5,Low Risk,Spring/Summer Peak
Tehri Garhwal,2016,4,5.5,0,40683,0.2,Low Risk,Spring/Summer Peak
Tehri Garhwal,2016,5,43.1,0,44141,1.5,Low Risk,Spring/Summer Peak
Tehri Garhwal,2016,6,599.3,9,28993,45.5,Moderate Risk,Monsoon Peak Hazard
Tehri Garhwal,2016,7,344.4,4,41043,22.9,Low Risk,Monsoon Peak Hazard
Tehri Garhwal,2016,8,569.2,8,17651,41.7,Moderate Risk,Monsoon Peak Hazard
Tehri Garhwal,2016,9,824.2,10,1000,56.0,Moderate Risk,Monsoon Peak Hazard
Tehri Garhwal,2016,10,7.8,1,50073,3.0,Low Risk,Winter Peak Tourism
Tehri Garhwal,2016,11,14.5,0,44336,0.5,Low Risk,Winter Peak Tourism
Tehri Garhwal,2016,12,7.0,0,33667,0.2,Low Risk,Winter Peak Tourism
Tehri Garhwal,2017,1,0.7,0,41346,0.0,Low Risk,Winter Peak Tourism
Tehri Garhwal,2017,2,4.8,0,50370,0.2,Low Risk,Winter Peak Tourism
Tehri Garhwal,2017,3,3.7,1,41860,2.9,Low Risk,Spring/Summer Peak
Tehri Garhwal,2017,4,14.1,0,46691,0.5,Low Risk,Spring/Summer Peak
Tehri Garhwal,2017,5,52.6,0,51410,1.8,Low Risk,Spring/Summer Peak
Tehri Garhwal,2017,6,291.2,3,22662,18.3,Low Risk,Monsoon Peak Hazard
Tehri Garhwal,2017,7,52.5,0,31107,1.8,Low Risk,Monsoon Peak Hazard
Tehri Garhwal,2017,8,1185.0,14,1000,79.4,High Risk,Monsoon Peak Hazard
Tehri Garhwal,2017,9,209.9,2,46781,12.7,Low Risk,Monsoon Peak Hazard
Tehri Garhwal,2017,10,6.5,0,65008,0.2,Low Risk,Winter Peak Tourism
Tehri Garhwal,2017,11,8.0,0,45451,0.3,Low Risk,Winter Peak Tourism
Tehri Garhwal,2017,12,24.5,0,46708,0.8,Low Risk,Winter Peak Tourism
Tehri Garhwal,2018,1,244.8,0,20931,8.4,Low Risk,Winter Peak Tourism
Tehri Garhwal,2018,2,29.5,0,49834,1.0,Low Risk,Winter Peak Tourism
Tehri Garhwal,2018,3,39.8,1,36469,4.1,Low Risk,Spring/Summer Peak
Tehri Garhwal,2018,4,29.3,0,41637,1.0,Low Risk,Spring/Summer Peak
Tehri Garhwal,2018,5,39.4,1,57432,4.1,Low Risk,Spring/Summer Peak
Tehri Garhwal,2018,6,244.2,5,27112,22.2,Low Risk,Monsoon Peak Hazard
Tehri Garhwal,2018,7,303.4,4,19636,21.5,Low Risk,Monsoon Peak Hazard
Tehri Garhwal,2018,8,524.7,8,19743,40.2,Moderate Risk,Monsoon Peak Hazard
Tehri Garhwal,2018,9,140.3,1,38742,7.6,Low Risk,Monsoon Peak Hazard
Tehri Garhwal,2018,10,62.9,1,32761,4.9,Low Risk,Winter Peak Tourism
Tehri Garhwal,2018,11,42.1,1,43181,4.2,Low Risk,Winter Peak Tourism
Tehri Garhwal,2018,12,26.7,1,76213,3.7,Low Risk,Winter Peak Tourism
Tehri Garhwal,2019,1,24.8,0,31314,0.8,Low Risk,Winter Peak Tourism
Tehri Garhwal,2019,2,14.7,0,42048,0.5,Low Risk,Winter Peak Tourism
Tehri Garhwal,2019,3,38.8,0,49803,1.3,Low Risk,Spring/Summer Peak
Tehri Garhwal,2019,4,118.5,1,60179,6.8,Low Risk,Spring/Summer Peak
Tehri Garhwal,2019,5,26.9,0,31972,0.9,Low Risk,Spring/Summer Peak
Tehri Garhwal,2019,6,550.5,8,15428,41.0,Moderate Risk,Monsoon Peak Hazard
Tehri Garhwal,2019,7,91.5,3,31924,11.5,Low Risk,Monsoon Peak Hazard
Tehri Garhwal,2019,8,399.7,5,26960,27.6,Low Risk,Monsoon Peak Hazard
Tehri Garhwal,2019,9,537.0,7,27626,37.8,Low Risk,Monsoon Peak Hazard
Tehri Garhwal,2019,10,30.0,0,54952,1.0,Low Risk,Winter Peak Tourism
Tehri Garhwal,2019,11,9.8,1,39194,3.1,Low Risk,Winter Peak Tourism
Tehri Garhwal,2019,12,22.6,1,53403,3.6,Low Risk,Winter Peak Tourism
Tehri Garhwal,2020,1,10.5,0,49607,0.4,Low Risk,Winter Peak Tourism
Tehri Garhwal,2020,2,1.4,1,50082,2.8,Low Risk,Winter Peak Tourism
Tehri Garhwal,2020,3,4.6,1,51925,2.9,Low Risk,Spring/Summer Peak
Tehri Garhwal,2020,4,83.0,1,52740,5.6,Low Risk,Spring/Summer Peak
Tehri Garhwal,2020,5,56.1,1,49277,4.7,Low Risk,Spring/Summer Peak
Tehri Garhwal,2020,6,209.3,3,25808,15.5,Low Risk,Monsoon Peak Hazard
Tehri Garhwal,2020,7,47.9,2,26279,7.2,Low Risk,Monsoon Peak Hazard
Tehri Garhwal,2020,8,921.4,12,6777,64.8,Moderate Risk,Monsoon Peak Hazard
Tehri Garhwal,2020,9,333.5,5,36252,25.3,Low Risk,Monsoon Peak Hazard
Tehri Garhwal,2020,10,47.5,1,30966,4.4,Low Risk,Winter Peak Tourism
Tehri Garhwal,2020,11,37.1,1,42428,4.0,Low Risk,Winter Peak Tourism
Tehri Garhwal,2020,12,10.5,1,41683,3.1,Low Risk,Winter Peak Tourism
Tehri Garhwal,2021,1,10.4,1,54757,3.1,Low Risk,Winter Peak Tourism
Tehri Garhwal,2021,2,15.6,0,44816,0.5,Low Risk,Winter Peak Tourism
Tehri Garhwal,2021,3,55.4,0,38811,1.9,Low Risk,Spring/Summer Peak
Tehri Garhwal,2021,4,30.7,0,58277,1.0,Low Risk,Spring/Summer Peak
Tehri Garhwal,2021,5,6.2,0,39902,0.2,Low Risk,Spring/Summer Peak
Tehri Garhwal,2021,6,287.3,4,38705,20.9,Low Risk,Monsoon Peak Hazard
Tehri Garhwal,2021,7,104.9,3,50357,11.9,Low Risk,Monsoon Peak Hazard
Tehri Garhwal,2021,8,1255.6,17,1000,90.2,High Risk,Monsoon Peak Hazard
Tehri Garhwal,2021,9,689.0,9,13902,48.6,Moderate Risk,Monsoon Peak Hazard
Tehri Garhwal,2021,10,1.7,1,35441,2.8,Low Risk,Winter Peak Tourism
Tehri Garhwal,2021,11,15.4,0,44229,0.5,Low Risk,Winter Peak Tourism
Tehri Garhwal,2021,12,1.4,1,44835,2.8,Low Risk,Winter Peak Tourism
Tehri Garhwal,2022,1,27.0,0,35065,0.9,Low Risk,Winter Peak Tourism
Tehri Garhwal,2022,2,3.2,0,56094,0.1,Low Risk,Winter Peak Tourism
Tehri Garhwal,2022,3,4.2,0,40029,0.1,Low Risk,Spring/Summer Peak
Tehri Garhwal,2022,4,46.7,0,51410,1.6,Low Risk,Spring/Summer Peak
Tehri Garhwal,2022,5,85.9,0,38440,2.9,Low Risk,Spring/Summer Peak
Tehri Garhwal,2022,6,426.8,5,31038,28.5,Low Risk,Monsoon Peak Hazard
Tehri Garhwal,2022,7,272.1,5,41049,23.2,Low Risk,Monsoon Peak Hazard
Tehri Garhwal,2022,8,573.9,9,17191,44.6,Moderate Risk,Monsoon Peak Hazard
Tehri Garhwal,2022,9,290.2,3,52901,18.3,Low Risk,Monsoon Peak Hazard
Tehri Garhwal,2022,10,226.1,0,29593,7.7,Low Risk,Winter Peak Tourism
Tehri Garhwal,2022,11,13.4,1,54161,3.2,Low Risk,Winter Peak Tourism
Tehri Garhwal,2022,12,19.4,1,40943,3.4,Low Risk,Winter Peak Tourism
Tehri Garhwal,2023,1,7.0,1,41784,3.0,Low Risk,Winter Peak Tourism
Tehri Garhwal,2023,2,24.1,1,47069,3.6,Low Risk,Winter Peak Tourism
Tehri Garhwal,2023,3,57.0,1,51488,4.7,Low Risk,Spring/Summer Peak
Tehri Garhwal,2023,4,39.3,1,39779,4.1,Low Risk,Spring/Summer Peak
Tehri Garhwal,2023,5,7.3,0,51364,0.2,Low Risk,Spring/Summer Peak
Tehri Garhwal,2023,6,219.5,4,44777,18.6,Low Risk,Monsoon Peak Hazard
Tehri Garhwal,2023,7,67.6,1,43543,5.1,Low Risk,Monsoon Peak Hazard
Tehri Garhwal,2023,8,222.4,4,43901,18.7,Low Risk,Monsoon Peak Hazard
Tehri Garhwal,2023,9,364.1,4,34202,23.6,Low Risk,Monsoon Peak Hazard
Tehri Garhwal,2023,10,0.4,0,39845,0.0,Low Risk,Winter Peak Tourism
Tehri Garhwal,2023,11,72.6,1,39189,5.3,Low Risk,Winter Peak Tourism
Tehri Garhwal,2023,12,15.5,0,17834,0.5,Low Risk,Winter Peak Tourism
Tehri Garhwal,2024,1,71.0,1,41259,5.2,Low Risk,Winter Peak Tourism
Tehri Garhwal,2024,2,99.3,1,37405,6.2,Low Risk,Winter Peak Tourism
Tehri Garhwal,2024,3,15.2,0,54775,0.5,Low Risk,Spring/Summer Peak
Tehri Garhwal,2024,4,44.5,1,35541,4.3,Low Risk,Spring/Summer Peak
Tehri Garhwal,2024,5,4.2,1,51517,2.9,Low Risk,Spring/Summer Peak
Tehri Garhwal,2024,6,383.0,5,6971,27.0,Low Risk,Monsoon Peak Hazard
Tehri Garhwal,2024,7,134.2,3,16672,12.9,Low Risk,Monsoon Peak Hazard
Tehri Garhwal,2024,8,302.8,5,35768,24.2,Low Risk,Monsoon Peak Hazard
Tehri Garhwal,2024,9,867.8,12,8310,63.0,Moderate Risk,Monsoon Peak Hazard
Tehri Garhwal,2024,10,18.4,1,50850,3.4,Low Risk,Winter Peak Tourism
Tehri Garhwal,2024,11,5.0,1,43719,2.9,Low Risk,Winter Peak Tourism
Tehri Garhwal,2024,12,41.3,0,26503,1.4,Low Risk,Winter Peak Tourism
Pithoragarh,2015,1,33.4,1,48700,3.9,Low Risk,Winter Peak Tourism
Pithoragarh,2015,2,2.4,0,45398,0.1,Low Risk,Winter Peak Tourism
Pithoragarh,2015,3,6.9,1,40903,3.0,Low Risk,Spring/Summer Peak
Pithoragarh,2015,4,29.2,1,40361,3.8,Low Risk,Spring/Summer Peak
Pithoragarh,2015,5,11.4,0,47689,0.4,Low Risk,Spring/Summer Peak
Pithoragarh,2015,6,185.0,4,40131,17.4,Low Risk,Monsoon Peak Hazard
Pithoragarh,2015,7,98.7,3,37724,11.7,Low Risk,Monsoon Peak Hazard
Pithoragarh,2015,8,351.6,6,29075,28.7,Low Risk,Monsoon Peak Hazard
Pithoragarh,2015,9,182.9,3,24963,14.6,Low Risk,Monsoon Peak Hazard
Pithoragarh,2015,10,95.1,0,38689,3.3,Low Risk,Winter Peak Tourism
Pithoragarh,2015,11,42.9,1,63088,4.2,Low Risk,Winter Peak Tourism
Pithoragarh,2015,12,2.4,1,44949,2.9,Low Risk,Winter Peak Tourism
Pithoragarh,2016,1,79.2,1,62916,5.5,Low Risk,Winter Peak Tourism
Pithoragarh,2016,2,17.0,1,25204,3.4,Low Risk,Winter Peak Tourism
Pithoragarh,2016,3,24.7,1,29525,3.6,Low Risk,Spring/Summer Peak
Pithoragarh,2016,4,1.5,0,42256,0.1,Low Risk,Spring/Summer Peak
Pithoragarh,2016,5,4.4,0,49257,0.2,Low Risk,Spring/Summer Peak
Pithoragarh,2016,6,329.0,5,31410,25.1,Low Risk,Monsoon Peak Hazard
Pithoragarh,2016,7,122.6,3,39350,12.5,Low Risk,Monsoon Peak Hazard
Pithoragarh,2016,8,319.9,3,20779,19.3,Low Risk,Monsoon Peak Hazard
Pithoragarh,2016,9,601.6,9,19180,45.6,Moderate Risk,Monsoon Peak Hazard
Pithoragarh,2016,10,42.5,0,43067,1.5,Low Risk,Winter Peak Tourism
Pithoragarh,2016,11,57.8,1,32496,4.8,Low Risk,Winter Peak Tourism
Pithoragarh,2016,12,30.7,0,51773,1.0,Low Risk,Winter Peak Tourism
Pithoragarh,2017,1,45.6,1,57560,4.3,Low Risk,Winter Peak Tourism
Pithoragarh,2017,2,20.7,0,47519,0.7,Low Risk,Winter Peak Tourism
Pithoragarh,2017,3,54.1,1,48478,4.6,Low Risk,Spring/Summer Peak
Pithoragarh,2017,4,7.8,0,42535,0.3,Low Risk,Spring/Summer Peak
Pithoragarh,2017,5,1.4,1,53752,2.8,Low Risk,Spring/Summer Peak
Pithoragarh,2017,6,172.3,4,27939,17.0,Low Risk,Monsoon Peak Hazard
Pithoragarh,2017,7,122.7,1,38793,7.0,Low Risk,Monsoon Peak Hazard
Pithoragarh,2017,8,389.0,6,12108,30.0,Low Risk,Monsoon Peak Hazard
Pithoragarh,2017,9,50.3,2,41638,7.3,Low Risk,Monsoon Peak Hazard
Pithoragarh,2017,10,9.7,0,37793,0.3,Low Risk,Winter Peak Tourism
Pithoragarh,2017,11,46.5,1,55123,4.4,Low Risk,Winter Peak Tourism
Pithoragarh,2017,12,16.1,0,25032,0.6,Low Risk,Winter Peak Tourism
Pithoragarh,2018,1,8.2,1,36547,3.1,Low Risk,Winter Peak Tourism
Pithoragarh,2018,2,93.9,1,47764,6.0,Low Risk,Winter Peak Tourism
Pithoragarh,2018,3,60.5,0,38330,2.1,Low Risk,Spring/Summer Peak
Pithoragarh,2018,4,38.1,1,28479,4.1,Low Risk,Spring/Summer Peak
Pithoragarh,2018,5,26.0,0,52960,0.9,Low Risk,Spring/Summer Peak
Pithoragarh,2018,6,169.0,4,34656,16.9,Low Risk,Monsoon Peak Hazard
Pithoragarh,2018,7,474.3,6,22409,32.9,Low Risk,Monsoon Peak Hazard
Pithoragarh,2018,8,492.8,6,27820,33.5,Low Risk,Monsoon Peak Hazard
Pithoragarh,2018,9,48.9,1,42667,4.5,Low Risk,Monsoon Peak Hazard
Pithoragarh,2018,10,15.8,1,51306,3.3,Low Risk,Winter Peak Tourism
Pithoragarh,2018,11,52.6,0,54728,1.8,Low Risk,Winter Peak Tourism
Pithoragarh,2018,12,44.2,1,32077,4.3,Low Risk,Winter Peak Tourism
Pithoragarh,2019,1,52.3,1,43482,4.6,Low Risk,Winter Peak Tourism
Pithoragarh,2019,2,10.0,0,55027,0.3,Low Risk,Winter Peak Tourism
Pithoragarh,2019,3,80.2,0,44466,2.7,Low Risk,Spring/Summer Peak
Pithoragarh,2019,4,0.0,0,40127,0.0,Low Risk,Spring/Summer Peak
Pithoragarh,2019,5,1.9,1,37589,2.8,Low Risk,Spring/Summer Peak
Pithoragarh,2019,6,99.6,3,34082,11.7,Low Risk,Monsoon Peak Hazard
Pithoragarh,2019,7,105.7,3,54540,11.9,Low Risk,Monsoon Peak Hazard
Pithoragarh,2019,8,167.9,3,48544,14.1,Low Risk,Monsoon Peak Hazard
Pithoragarh,2019,9,104.1,2,36210,9.1,Low Risk,Monsoon Peak Hazard
Pithoragarh,2019,10,230.8,1,25220,10.7,Low Risk,Winter Peak Tourism
Pithoragarh,2019,11,125.7,1,41253,7.1,Low Risk,Winter Peak Tourism
Pithoragarh,2019,12,4.9,1,60446,2.9,Low Risk,Winter Peak Tourism
Pithoragarh,2020,1,2.5,0,46210,0.1,Low Risk,Winter Peak Tourism
Pithoragarh,2020,2,9.4,1,27038,3.1,Low Risk,Winter Peak Tourism
Pithoragarh,2020,3,1.3,0,49688,0.0,Low Risk,Spring/Summer Peak
Pithoragarh,2020,4,30.0,0,42036,1.0,Low Risk,Spring/Summer Peak
Pithoragarh,2020,5,42.7,1,49996,4.2,Low Risk,Spring/Summer Peak
Pithoragarh,2020,6,485.8,6,31527,33.3,Low Risk,Monsoon Peak Hazard
Pithoragarh,2020,7,496.6,6,15992,33.6,Low Risk,Monsoon Peak Hazard
Pithoragarh,2020,8,480.5,6,15394,33.1,Low Risk,Monsoon Peak Hazard
Pithoragarh,2020,9,91.7,1,44807,5.9,Low Risk,Monsoon Peak Hazard
Pithoragarh,2020,10,39.0,0,50841,1.3,Low Risk,Winter Peak Tourism
Pithoragarh,2020,11,17.1,1,20230,3.4,Low Risk,Winter Peak Tourism
Pithoragarh,2020,12,5.3,1,43984,3.0,Low Risk,Winter Peak Tourism
Pithoragarh,2021,1,14.7,1,41325,3.3,Low Risk,Winter Peak Tourism
Pithoragarh,2021,2,54.8,1,41544,4.7,Low Risk,Winter Peak Tourism
Pithoragarh,2021,3,47.9,0,42001,1.6,Low Risk,Spring/Summer Peak
Pithoragarh,2021,4,8.0,0,49146,0.3,Low Risk,Spring/Summer Peak
Pithoragarh,2021,5,20.9,1,48963,3.5,Low Risk,Spring/Summer Peak
Pithoragarh,2021,6,259.8,3,30204,17.2,Low Risk,Monsoon Peak Hazard
Pithoragarh,2021,7,30.7,1,21932,3.8,Low Risk,Monsoon Peak Hazard
Pithoragarh,2021,8,528.3,7,24383,37.5,Low Risk,Monsoon Peak Hazard
Pithoragarh,2021,9,501.4,7,23697,36.6,Low Risk,Monsoon Peak Hazard
Pithoragarh,2021,10,47.8,0,50709,1.6,Low Risk,Winter Peak Tourism
Pithoragarh,2021,11,11.3,0,56556,0.4,Low Risk,Winter Peak Tourism
Pithoragarh,2021,12,71.0,1,44064,5.2,Low Risk,Winter Peak Tourism
Pithoragarh,2022,1,8.5,1,45270,3.1,Low Risk,Winter Peak Tourism
Pithoragarh,2022,2,10.2,0,38093,0.3,Low Risk,Winter Peak Tourism
Pithoragarh,2022,3,6.4,1,29457,3.0,Low Risk,Spring/Summer Peak
Pithoragarh,2022,4,39.6,1,54147,4.1,Low Risk,Spring/Summer Peak
Pithoragarh,2022,5,27.9,1,36568,3.7,Low Risk,Spring/Summer Peak
Pithoragarh,2022,6,477.4,7,16027,35.8,Low Risk,Monsoon Peak Hazard
Pithoragarh,2022,7,293.3,5,31935,23.9,Low Risk,Monsoon Peak Hazard
Pithoragarh,2022,8,360.3,6,29623,29.0,Low Risk,Monsoon Peak Hazard
Pithoragarh,2022,9,186.5,2,32732,11.9,Low Risk,Monsoon Peak Hazard
Pithoragarh,2022,10,9.7,1,39234,3.1,Low Risk,Winter Peak Tourism
Pithoragarh,2022,11,73.9,1,41635,5.3,Low Risk,Winter Peak Tourism
Pithoragarh,2022,12,5.9,1,37118,3.0,Low Risk,Winter Peak Tourism
Pithoragarh,2023,1,23.8,1,58945,3.6,Low Risk,Winter Peak Tourism
Pithoragarh,2023,2,36.6,0,37037,1.3,Low Risk,Winter Peak Tourism
Pithoragarh,2023,3,6.9,0,29691,0.2,Low Risk,Spring/Summer Peak
Pithoragarh,2023,4,6.9,0,38155,0.2,Low Risk,Spring/Summer Peak
Pithoragarh,2023,5,40.4,1,52462,4.2,Low Risk,Spring/Summer Peak
Pithoragarh,2023,6,74.5,2,29415,8.1,Low Risk,Monsoon Peak Hazard
Pithoragarh,2023,7,322.9,6,46511,27.7,Low Risk,Monsoon Peak Hazard
Pithoragarh,2023,8,147.1,3,24651,13.4,Low Risk,Monsoon Peak Hazard
Pithoragarh,2023,9,447.6,7,32698,34.8,Low Risk,Monsoon Peak Hazard
Pithoragarh,2023,10,18.0,1,24040,3.4,Low Risk,Winter Peak Tourism
Pithoragarh,2023,11,28.2,0,27109,1.0,Low Risk,Winter Peak Tourism
Pithoragarh,2023,12,0.1,1,46691,2.8,Low Risk,Winter Peak Tourism
Pithoragarh,2024,1,88.0,1,62154,5.8,Low Risk,Winter Peak Tourism
Pithoragarh,2024,2,7.2,0,34864,0.2,Low Risk,Winter Peak Tourism
Pithoragarh,2024,3,64.4,0,47759,2.2,Low Risk,Spring/Summer Peak
Pithoragarh,2024,4,14.0,0,57298,0.5,Low Risk,Spring/Summer Peak
Pithoragarh,2024,5,15.7,0,50425,0.5,Low Risk,Spring/Summer Peak
Pithoragarh,2024,6,219.8,4,32913,18.6,Low Risk,Monsoon Peak Hazard
Pithoragarh,2024,7,359.2,5,18723,26.2,Low Risk,Monsoon Peak Hazard
Pithoragarh,2024,8,410.9,6,24220,30.7,Low Risk,Monsoon Peak Hazard
Pithoragarh,2024,9,217.7,4,36722,18.6,Low Risk,Monsoon Peak Hazard
Pithoragarh,2024,10,21.6,0,46892,0.7,Low Risk,Winter Peak Tourism
Pithoragarh,2024,11,0.3,1,47624,2.8,Low Risk,Winter Peak Tourism
Pithoragarh,2024,12,33.3,1,28089,3.9,Low Risk,Winter Peak Tourism
Almora,2015,1,37.6,1,53716,4.1,Low Risk,Winter Peak Tourism
Almora,2015,2,1.5,1,50047,2.8,Low Risk,Winter Peak Tourism
Almora,2015,3,0.4,0,35248,0.0,Low Risk,Spring/Summer Peak
Almora,2015,4,7.3,0,25861,0.2,Low Risk,Spring/Summer Peak
Almora,2015,5,33.5,1,28542,3.9,Low Risk,Spring/Summer Peak
Almora,2015,6,88.7,3,26562,11.4,Low Risk,Monsoon Peak Hazard
Almora,2015,7,292.2,3,40164,18.3,Low Risk,Monsoon Peak Hazard
Almora,2015,8,130.7,1,49194,7.2,Low Risk,Monsoon Peak Hazard
Almora,2015,9,1044.0,13,1000,71.8,High Risk,Monsoon Peak Hazard
Almora,2015,10,46.4,0,49893,1.6,Low Risk,Winter Peak Tourism
Almora,2015,11,15.9,1,52512,3.3,Low Risk,Winter Peak Tourism
Almora,2015,12,16.7,1,33989,3.3,Low Risk,Winter Peak Tourism
Almora,2016,1,23.0,0,38355,0.8,Low Risk,Winter Peak Tourism
Almora,2016,2,17.6,0,52715,0.6,Low Risk,Winter Peak Tourism
Almora,2016,3,6.7,1,37759,3.0,Low Risk,Spring/Summer Peak
Almora,2016,4,20.3,1,44027,3.5,Low Risk,Spring/Summer Peak
Almora,2016,5,7.1,0,39715,0.2,Low Risk,Spring/Summer Peak
Almora,2016,6,646.7,8,27541,44.3,Moderate Risk,Monsoon Peak Hazard
Almora,2016,7,266.9,4,33013,20.2,Low Risk,Monsoon Peak Hazard
Almora,2016,8,283.3,5,29793,23.6,Low Risk,Monsoon Peak Hazard
Almora,2016,9,433.4,5,9817,28.7,Low Risk,Monsoon Peak Hazard
Almora,2016,10,52.9,0,29130,1.8,Low Risk,Winter Peak Tourism
Almora,2016,11,52.8,1,30903,4.6,Low Risk,Winter Peak Tourism
Almora,2016,12,21.1,0,30309,0.7,Low Risk,Winter Peak Tourism
Almora,2017,1,7.9,0,42306,0.3,Low Risk,Winter Peak Tourism
Almora,2017,2,24.2,0,35276,0.8,Low Risk,Winter Peak Tourism
Almora,2017,3,12.9,0,48533,0.4,Low Risk,Spring/Summer Peak
Almora,2017,4,54.6,0,50740,1.9,Low Risk,Spring/Summer Peak
Almora,2017,5,18.6,1,64636,3.4,Low Risk,Spring/Summer Peak
Almora,2017,6,88.7,1,56511,5.8,Low Risk,Monsoon Peak Hazard
Almora,2017,7,145.6,3,53670,13.3,Low Risk,Monsoon Peak Hazard
Almora,2017,8,170.1,2,37616,11.4,Low Risk,Monsoon Peak Hazard
Almora,2017,9,762.9,9,1000,51.1,Moderate Risk,Monsoon Peak Hazard
Almora,2017,10,39.5,0,25195,1.4,Low Risk,Winter Peak Tourism
Almora,2017,11,8.3,1,55774,3.1,Low Risk,Winter Peak Tourism
Almora,2017,12,3.8,1,63150,2.9,Low Risk,Winter Peak Tourism
Almora,2018,1,28.1,1,38512,3.7,Low Risk,Winter Peak Tourism
Almora,2018,2,9.3,1,37925,3.1,Low Risk,Winter Peak Tourism
Almora,2018,3,7.4,1,47213,3.0,Low Risk,Spring/Summer Peak
Almora,2018,4,16.1,0,44578,0.6,Low Risk,Spring/Summer Peak
Almora,2018,5,16.8,0,35690,0.6,Low Risk,Spring/Summer Peak
Almora,2018,6,752.8,9,1000,50.7,Moderate Risk,Monsoon Peak Hazard
Almora,2018,7,250.7,4,32045,19.7,Low Risk,Monsoon Peak Hazard
Almora,2018,8,841.6,12,7257,62.1,Moderate Risk,Monsoon Peak Hazard
Almora,2018,9,124.1,1,46283,7.0,Low Risk,Monsoon Peak Hazard
Almora,2018,10,44.5,0,53863,1.5,Low Risk,Winter Peak Tourism
Almora,2018,11,16.3,0,54461,0.6,Low Risk,Winter Peak Tourism
Almora,2018,12,33.6,0,46524,1.1,Low Risk,Winter Peak Tourism
Almora,2019,1,24.7,0,51026,0.8,Low Risk,Winter Peak Tourism
Almora,2019,2,64.0,1,32393,5.0,Low Risk,Winter Peak Tourism
Almora,2019,3,38.6,1,40823,4.1,Low Risk,Spring/Summer Peak
Almora,2019,4,62.2,0,58145,2.1,Low Risk,Spring/Summer Peak
Almora,2019,5,19.9,0,46667,0.7,Low Risk,Spring/Summer Peak
Almora,2019,6,37.9,2,35107,6.9,Low Risk,Monsoon Peak Hazard
Almora,2019,7,237.9,3,32676,16.5,Low Risk,Monsoon Peak Hazard
Almora,2019,8,261.4,4,18548,20.1,Low Risk,Monsoon Peak Hazard
Almora,2019,9,233.5,4,35240,19.1,Low Risk,Monsoon Peak Hazard
Almora,2019,10,2.3,1,39287,2.9,Low Risk,Winter Peak Tourism
Almora,2019,11,21.6,1,25154,3.5,Low Risk,Winter Peak Tourism
Almora,2019,12,7.5,1,50824,3.0,Low Risk,Winter Peak Tourism
Almora,2020,1,39.2,1,41172,4.1,Low Risk,Winter Peak Tourism
Almora,2020,2,18.7,1,37887,3.4,Low Risk,Winter Peak Tourism
Almora,2020,3,1.4,0,51445,0.0,Low Risk,Spring/Summer Peak
Almora,2020,4,19.8,1,32630,3.5,Low Risk,Spring/Summer Peak
Almora,2020,5,30.0,1,46185,3.8,Low Risk,Spring/Summer Peak
Almora,2020,6,672.4,8,25348,45.2,Moderate Risk,Monsoon Peak Hazard
Almora,2020,7,339.2,6,39302,28.3,Low Risk,Monsoon Peak Hazard
Almora,2020,8,431.6,7,37452,34.2,Low Risk,Monsoon Peak Hazard
Almora,2020,9,411.0,5,12960,27.9,Low Risk,Monsoon Peak Hazard
Almora,2020,10,5.2,1,28642,3.0,Low Risk,Winter Peak Tourism
Almora,2020,11,42.7,0,57557,1.5,Low Risk,Winter Peak Tourism
Almora,2020,12,57.4,0,38548,2.0,Low Risk,Winter Peak Tourism
Almora,2021,1,30.0,1,36012,3.8,Low Risk,Winter Peak Tourism
Almora,2021,2,37.4,1,26126,4.1,Low Risk,Winter Peak Tourism
Almora,2021,3,6.8,0,48557,0.2,Low Risk,Spring/Summer Peak
Almora,2021,4,59.3,1,29748,4.8,Low Risk,Spring/Summer Peak
Almora,2021,5,71.5,1,45216,5.2,Low Risk,Spring/Summer Peak
Almora,2021,6,709.0,9,21109,49.2,Moderate Risk,Monsoon Peak Hazard
Almora,2021,7,177.0,2,45414,11.6,Low Risk,Monsoon Peak Hazard
Almora,2021,8,91.9,2,32274,8.7,Low Risk,Monsoon Peak Hazard
Almora,2021,9,420.8,5,13828,28.3,Low Risk,Monsoon Peak Hazard
Almora,2021,10,27.1,1,50654,3.7,Low Risk,Winter Peak Tourism
Almora,2021,11,2.0,0,50425,0.1,Low Risk,Winter Peak Tourism
Almora,2021,12,42.9,1,49110,4.2,Low Risk,Winter Peak Tourism
Almora,2022,1,46.4,1,33188,4.4,Low Risk,Winter Peak Tourism
Almora,2022,2,17.0,0,58497,0.6,Low Risk,Winter Peak Tourism
Almora,2022,3,18.7,1,47561,3.4,Low Risk,Spring/Summer Peak
Almora,2022,4,1.2,1,29292,2.8,Low Risk,Spring/Summer Peak
Almora,2022,5,45.9,0,49410,1.6,Low Risk,Spring/Summer Peak
Almora,2022,6,197.6,3,37461,15.1,Low Risk,Monsoon Peak Hazard
Almora,2022,7,183.0,2,43419,11.8,Low Risk,Monsoon Peak Hazard
Almora,2022,8,388.3,4,50077,24.4,Low Risk,Monsoon Peak Hazard
Almora,2022,9,84.4,1,52928,5.7,Low Risk,Monsoon Peak Hazard
Almora,2022,10,25.1,0,37771,0.9,Low Risk,Winter Peak Tourism
Almora,2022,11,2.5,0,51095,0.1,Low Risk,Winter Peak Tourism
Almora,2022,12,43.1,1,56134,4.3,Low Risk,Winter Peak Tourism
Almora,2023,1,4.3,1,55500,2.9,Low Risk,Winter Peak Tourism
Almora,2023,2,29.4,0,63730,1.0,Low Risk,Winter Peak Tourism
Almora,2023,3,15.4,0,45676,0.5,Low Risk,Spring/Summer Peak
Almora,2023,4,42.4,0,43118,1.4,Low Risk,Spring/Summer Peak
Almora,2023,5,33.8,0,29768,1.2,Low Risk,Spring/Summer Peak
Almora,2023,6,157.4,3,35062,13.7,Low Risk,Monsoon Peak Hazard
Almora,2023,7,375.0,6,1078,29.5,Low Risk,Monsoon Peak Hazard
Almora,2023,8,68.5,1,47831,5.1,Low Risk,Monsoon Peak Hazard
Almora,2023,9,463.6,7,31202,35.3,Low Risk,Monsoon Peak Hazard
Almora,2023,10,3.5,0,41275,0.1,Low Risk,Winter Peak Tourism
Almora,2023,11,5.5,0,46299,0.2,Low Risk,Winter Peak Tourism
Almora,2023,12,109.8,1,34647,6.5,Low Risk,Winter Peak Tourism
Almora,2024,1,9.7,0,52019,0.3,Low Risk,Winter Peak Tourism
Almora,2024,2,16.0,1,50191,3.3,Low Risk,Winter Peak Tourism
Almora,2024,3,36.6,1,29959,4.0,Low Risk,Spring/Summer Peak
Almora,2024,4,89.1,1,62906,5.8,Low Risk,Spring/Summer Peak
Almora,2024,5,0.6,1,25038,2.8,Low Risk,Spring/Summer Peak
Almora,2024,6,26.1,1,33894,3.7,Low Risk,Monsoon Peak Hazard
Almora,2024,7,1435.3,17,1000,96.3,High Risk,Monsoon Peak Hazard
Almora,2024,8,312.7,4,46921,21.8,Low Risk,Monsoon Peak Hazard
Almora,2024,9,695.1,9,6447,48.8,Moderate Risk,Monsoon Peak Hazard
Almora,2024,10,7.9,0,46382,0.3,Low Risk,Winter Peak Tourism
Almora,2024,11,28.0,1,51700,3.7,Low Risk,Winter Peak Tourism
Almora,2024,12,27.2,1,32858,3.7,Low Risk,Winter Peak Tourism
Bageshwar,2015,1,59.6,0,31888,2.0,Low Risk,Winter Peak Tourism
Bageshwar,2015,2,48.3,1,57505,4.4,Low Risk,Winter Peak Tourism
Bageshwar,2015,3,48.7,0,36533,1.7,Low Risk,Spring/Summer Peak
Bageshwar,2015,4,35.3,0,36872,1.2,Low Risk,Spring/Summer Peak
Bageshwar,2015,5,108.8,1,36020,6.5,Low Risk,Spring/Summer Peak
Bageshwar,2015,6,117.3,1,46436,6.8,Low Risk,Monsoon Peak Hazard
Bageshwar,2015,7,316.2,4,22528,21.9,Low Risk,Monsoon Peak Hazard
Bageshwar,2015,8,217.1,3,27357,15.8,Low Risk,Monsoon Peak Hazard
Bageshwar,2015,9,242.7,5,15844,22.2,Low Risk,Monsoon Peak Hazard
Bageshwar,2015,10,48.0,1,37970,4.4,Low Risk,Winter Peak Tourism
Bageshwar,2015,11,29.9,0,38634,1.0,Low Risk,Winter Peak Tourism
Bageshwar,2015,12,8.9,0,41036,0.3,Low Risk,Winter Peak Tourism
Bageshwar,2016,1,13.1,0,40551,0.4,Low Risk,Winter Peak Tourism
Bageshwar,2016,2,12.6,0,47691,0.4,Low Risk,Winter Peak Tourism
Bageshwar,2016,3,129.7,1,38202,7.2,Low Risk,Spring/Summer Peak
Bageshwar,2016,4,10.8,1,35975,3.1,Low Risk,Spring/Summer Peak
Bageshwar,2016,5,28.8,1,45923,3.8,Low Risk,Spring/Summer Peak
Bageshwar,2016,6,95.5,2,41390,8.8,Low Risk,Monsoon Peak Hazard
Bageshwar,2016,7,230.9,4,42606,19.0,Low Risk,Monsoon Peak Hazard
Bageshwar,2016,8,158.0,2,54490,11.0,Low Risk,Monsoon Peak Hazard
Bageshwar,2016,9,192.8,4,37099,17.7,Low Risk,Monsoon Peak Hazard
Bageshwar,2016,10,43.5,1,32435,4.3,Low Risk,Winter Peak Tourism
Bageshwar,2016,11,13.9,0,18868,0.5,Low Risk,Winter Peak Tourism
Bageshwar,2016,12,32.0,1,63270,3.9,Low Risk,Winter Peak Tourism
Bageshwar,2017,1,19.8,0,35995,0.7,Low Risk,Winter Peak Tourism
Bageshwar,2017,2,48.2,1,45896,4.4,Low Risk,Winter Peak Tourism
Bageshwar,2017,3,11.9,1,48742,3.2,Low Risk,Spring/Summer Peak
Bageshwar,2017,4,70.1,0,15227,2.4,Low Risk,Spring/Summer Peak
Bageshwar,2017,5,90.8,0,57753,3.1,Low Risk,Spring/Summer Peak
Bageshwar,2017,6,264.7,4,19434,20.2,Low Risk,Monsoon Peak Hazard
Bageshwar,2017,7,401.0,5,16166,27.6,Low Risk,Monsoon Peak Hazard
Bageshwar,2017,8,486.4,6,11594,33.3,Low Risk,Monsoon Peak Hazard
Bageshwar,2017,9,135.5,2,40358,10.2,Low Risk,Monsoon Peak Hazard
Bageshwar,2017,10,25.8,0,51997,0.9,Low Risk,Winter Peak Tourism
Bageshwar,2017,11,25.4,0,36799,0.9,Low Risk,Winter Peak Tourism
Bageshwar,2017,12,83.9,1,48814,5.6,Low Risk,Winter Peak Tourism
Bageshwar,2018,1,2.7,0,50059,0.1,Low Risk,Winter Peak Tourism
Bageshwar,2018,2,12.4,1,60665,3.2,Low Risk,Winter Peak Tourism
Bageshwar,2018,3,33.5,0,44678,1.1,Low Risk,Spring/Summer Peak
Bageshwar,2018,4,22.1,0,27208,0.8,Low Risk,Spring/Summer Peak
Bageshwar,2018,5,9.2,0,58034,0.3,Low Risk,Spring/Summer Peak
Bageshwar,2018,6,729.5,9,1000,49.9,Moderate Risk,Monsoon Peak Hazard
Bageshwar,2018,7,115.8,1,38899,6.7,Low Risk,Monsoon Peak Hazard
Bageshwar,2018,8,112.0,1,40822,6.6,Low Risk,Monsoon Peak Hazard
Bageshwar,2018,9,378.6,6,25373,29.6,Low Risk,Monsoon Peak Hazard
Bageshwar,2018,10,18.8,0,52957,0.6,Low Risk,Winter Peak Tourism
Bageshwar,2018,11,36.4,0,15706,1.2,Low Risk,Winter Peak Tourism
Bageshwar,2018,12,27.3,0,38639,0.9,Low Risk,Winter Peak Tourism
Bageshwar,2019,1,82.1,1,52612,5.6,Low Risk,Winter Peak Tourism
Bageshwar,2019,2,5.6,0,41065,0.2,Low Risk,Winter Peak Tourism
Bageshwar,2019,3,43.2,1,44253,4.3,Low Risk,Spring/Summer Peak
Bageshwar,2019,4,28.6,0,22262,1.0,Low Risk,Spring/Summer Peak
Bageshwar,2019,5,19.0,1,37544,3.4,Low Risk,Spring/Summer Peak
Bageshwar,2019,6,250.4,3,24708,16.9,Low Risk,Monsoon Peak Hazard
Bageshwar,2019,7,409.7,5,25825,27.9,Low Risk,Monsoon Peak Hazard
Bageshwar,2019,8,267.1,5,27482,23.0,Low Risk,Monsoon Peak Hazard
Bageshwar,2019,9,88.8,2,41550,8.6,Low Risk,Monsoon Peak Hazard
Bageshwar,2019,10,31.6,0,36983,1.1,Low Risk,Winter Peak Tourism
Bageshwar,2019,11,8.1,0,46614,0.3,Low Risk,Winter Peak Tourism
Bageshwar,2019,12,78.7,1,43216,5.5,Low Risk,Winter Peak Tourism
Bageshwar,2020,1,2.1,0,40576,0.1,Low Risk,Winter Peak Tourism
Bageshwar,2020,2,2.7,0,60508,0.1,Low Risk,Winter Peak Tourism
Bageshwar,2020,3,8.0,0,34633,0.3,Low Risk,Spring/Summer Peak
Bageshwar,2020,4,10.4,1,32155,3.1,Low Risk,Spring/Summer Peak
Bageshwar,2020,5,81.2,1,57935,5.6,Low Risk,Spring/Summer Peak
Bageshwar,2020,6,522.2,7,32713,37.3,Low Risk,Monsoon Peak Hazard
Bageshwar,2020,7,728.9,10,1000,52.7,Moderate Risk,Monsoon Peak Hazard
Bageshwar,2020,8,104.1,2,49708,9.1,Low Risk,Monsoon Peak Hazard
Bageshwar,2020,9,509.8,7,12867,36.9,Low Risk,Monsoon Peak Hazard
Bageshwar,2020,10,4.6,1,53585,2.9,Low Risk,Winter Peak Tourism
Bageshwar,2020,11,17.5,0,47410,0.6,Low Risk,Winter Peak Tourism
Bageshwar,2020,12,83.9,1,41082,5.6,Low Risk,Winter Peak Tourism
Bageshwar,2021,1,79.2,1,36067,5.5,Low Risk,Winter Peak Tourism
Bageshwar,2021,2,37.1,0,36733,1.3,Low Risk,Winter Peak Tourism
Bageshwar,2021,3,4.9,1,53245,2.9,Low Risk,Spring/Summer Peak
Bageshwar,2021,4,6.3,1,43632,3.0,Low Risk,Spring/Summer Peak
Bageshwar,2021,5,19.1,1,46687,3.4,Low Risk,Spring/Summer Peak
Bageshwar,2021,6,418.4,7,14592,33.8,Low Risk,Monsoon Peak Hazard
Bageshwar,2021,7,764.0,11,19510,56.7,Moderate Risk,Monsoon Peak Hazard
Bageshwar,2021,8,136.5,3,36727,13.0,Low Risk,Monsoon Peak Hazard
Bageshwar,2021,9,107.8,3,31249,12.0,Low Risk,Monsoon Peak Hazard
Bageshwar,2021,10,53.3,1,23485,4.6,Low Risk,Winter Peak Tourism
Bageshwar,2021,11,5.7,0,26508,0.2,Low Risk,Winter Peak Tourism
Bageshwar,2021,12,20.4,1,46682,3.5,Low Risk,Winter Peak Tourism
Bageshwar,2022,1,4.4,0,32688,0.2,Low Risk,Winter Peak Tourism
Bageshwar,2022,2,3.7,0,42430,0.1,Low Risk,Winter Peak Tourism
Bageshwar,2022,3,13.2,0,56979,0.5,Low Risk,Spring/Summer Peak
Bageshwar,2022,4,32.2,1,34924,3.9,Low Risk,Spring/Summer Peak
Bageshwar,2022,5,3.4,0,63926,0.1,Low Risk,Spring/Summer Peak
Bageshwar,2022,6,441.9,6,29551,31.8,Low Risk,Monsoon Peak Hazard
Bageshwar,2022,7,268.0,5,30371,23.1,Low Risk,Monsoon Peak Hazard
Bageshwar,2022,8,268.5,5,24258,23.1,Low Risk,Monsoon Peak Hazard
Bageshwar,2022,9,204.9,2,36242,12.6,Low Risk,Monsoon Peak Hazard
Bageshwar,2022,10,40.3,1,36191,4.2,Low Risk,Winter Peak Tourism
Bageshwar,2022,11,28.8,0,34041,1.0,Low Risk,Winter Peak Tourism
Bageshwar,2022,12,5.7,0,45490,0.2,Low Risk,Winter Peak Tourism
Bageshwar,2023,1,41.4,1,42271,4.2,Low Risk,Winter Peak Tourism
Bageshwar,2023,2,12.8,0,48866,0.4,Low Risk,Winter Peak Tourism
Bageshwar,2023,3,3.7,0,40679,0.1,Low Risk,Spring/Summer Peak
Bageshwar,2023,4,7.7,0,63491,0.3,Low Risk,Spring/Summer Peak
Bageshwar,2023,5,25.6,0,25063,0.9,Low Risk,Spring/Summer Peak
Bageshwar,2023,6,506.8,6,14776,34.0,Low Risk,Monsoon Peak Hazard
Bageshwar,2023,7,340.5,5,12781,25.5,Low Risk,Monsoon Peak Hazard
Bageshwar,2023,8,157.1,2,24131,10.9,Low Risk,Monsoon Peak Hazard
Bageshwar,2023,9,425.3,7,30715,34.0,Low Risk,Monsoon Peak Hazard
Bageshwar,2023,10,0.5,0,46878,0.0,Low Risk,Winter Peak Tourism
Bageshwar,2023,11,22.8,1,48354,3.6,Low Risk,Winter Peak Tourism
Bageshwar,2023,12,83.0,1,29377,5.6,Low Risk,Winter Peak Tourism
Bageshwar,2024,1,32.0,1,40273,3.9,Low Risk,Winter Peak Tourism
Bageshwar,2024,2,12.1,0,40969,0.4,Low Risk,Winter Peak Tourism
Bageshwar,2024,3,16.2,0,45893,0.6,Low Risk,Spring/Summer Peak
Bageshwar,2024,4,21.5,0,45721,0.7,Low Risk,Spring/Summer Peak
Bageshwar,2024,5,2.4,0,49754,0.1,Low Risk,Spring/Summer Peak
Bageshwar,2024,6,421.7,5,13000,28.3,Low Risk,Monsoon Peak Hazard
Bageshwar,2024,7,471.6,7,20006,35.6,Low Risk,Monsoon Peak Hazard
Bageshwar,2024,8,94.8,2,22388,8.8,Low Risk,Monsoon Peak Hazard
Bageshwar,2024,9,112.7,3,32282,12.2,Low Risk,Monsoon Peak Hazard
Bageshwar,2024,10,0.9,1,44021,2.8,Low Risk,Winter Peak Tourism
Bageshwar,2024,11,5.5,0,39430,0.2,Low Risk,Winter Peak Tourism
Bageshwar,2024,12,37.1,0,43285,1.3,Low Risk,Winter Peak Tourism
